Afiliacion,Comercio,RFC,Domicilio,Colonia,Codigo Postal,Municipio,Estado,Telefonos,Giro,Giro Comercial
1002497,SHELL MZO,AAAK730819D22,BLVD MMH NO 8712,SOLEARES,28219,MANZANILLO COL,COLIMA,3343499,5541,"ESTACIONES DE SERVICIO, GASOLINERIAS, ESTACIONES DE SERVICIO PARA TODO TIPO DE TRANSPORTE (CON O SIN SERVICIOS AUXILIARES)"
1027949,COMBUSTIBLES SALAGUA,CSA 100802K24,AV ELIAS ZAMORA V NO3073,SALAHUA,28867,MANZANILLO COL,COLIMA,43571743,5541,"ESTACIONES DE SERVICIO, GASOLINERIAS, ESTACIONES DE SERVICIO PARA TODO TIPO DE TRANSPORTE (CON O SIN SERVICIOS AUXILIARES)"
1056012,GASOLINERA LOS OLIVOS,GOL 130523RL6,AV PABLO SILVA GARCIA NO 929,LOS OLIVOS,28982,VILLA DE ALVAREZ COL,COLIMA,21391402,5541,"ESTACIONES DE SERVICIO, GASOLINERIAS, ESTACIONES DE SERVICIO PARA TODO TIPO DE TRANSPORTE (CON O SIN SERVICIOS AUXILIARES)"
1097278,GAS CENTRO TECOMAN,SSM 0108045Z2,AUT COLIMA MANZANILLO KM 38,CENTRO,28100,TECOMAN COL,COLIMA,33246141,5541,"ESTACIONES DE SERVICIO, GASOLINERIAS, ESTACIONES DE SERVICIO PARA TODO TIPO DE TRANSPORTE (CON O SIN SERVICIOS AUXILIARES)"
1102770,PRAXAIR TDA COLIMA,PME 960701GG0,AV CARLOS D L MADRID B NO 643,EL TECOLOTE,28090,COLIMA COL,COLIMA,23070266,5983,"DISTRIBUIDOR DE  - GAS LICUADO,(DISTRIBUIDOR DE  - LENA),(DISTRIBUIDOR DE  - DIESEL, PETROLEO),(DISTRIBUIDOR DE  - CARBON),"
1071075,GAS PRIMAVERA COLIMA,GAS 060322BI6,3ER ANILLO PERIF NO 151,RINCON DEL BOSQUE,28050,COLIMA COL,COLIMA,23121805,5541,"ESTACIONES DE SERVICIO, GASOLINERIAS, ESTACIONES DE SERVICIO PARA TODO TIPO DE TRANSPORTE (CON O SIN SERVICIOS AUXILIARES)"
1091354,GAS TAPEYXTLES MANZANI,GJO 0605094S4,BLVD MIGUEL DE LA MADRID NO302,TAPEYXTLES,28239,MANZANILLO COL,COLIMA,43355590,5541,"ESTACIONES DE SERVICIO, GASOLINERIAS, ESTACIONES DE SERVICIO PARA TODO TIPO DE TRANSPORTE (CON O SIN SERVICIOS AUXILIARES)"
1157821,GAS ORO COLIMA,ECE 080117QKA,A COLIMA MANZANILLO S N KM 9,EL MEZQUITE,28627,COLIMA COL,COLIMA,92392771,5983,"DISTRIBUIDOR DE  - GAS LICUADO,(DISTRIBUIDOR DE  - LENA),(DISTRIBUIDOR DE  - DIESEL, PETROLEO),(DISTRIBUIDOR DE  - CARBON),"
1433952,GASOLINERA COMALA,GCO 0103122T6,VENUSTIANO CARRANZA NO 180,AGUAJITOS,28450,COMALA COL,COLIMA,23156073,5541,"ESTACIONES DE SERVICIO, GASOLINERIAS, ESTACIONES DE SERVICIO PARA TODO TIPO DE TRANSPORTE (CON O SIN SERVICIOS AUXILIARES)"
2317113,GAS L DE VISTA COLIMA,GAS 011024I41,AV TECNOLOGICO NO 32,COLIMA,28010,COLIMA COL,COLIMA,23234545,5541,"ESTACIONES DE SERVICIO, GASOLINERIAS, ESTACIONES DE SERVICIO PARA TODO TIPO DE TRANSPORTE (CON O SIN SERVICIOS AUXILIARES)"
1587435,GAS GRUPO GARSAN PACIF,GGP 040430NB5,MA AHUMADA DE GOMEZ NO 40 L3,SENDEROS DEL CARMEN,28978,VILLA DE ALVAREZ COL,COLIMA,23113833,5541,"ESTACIONES DE SERVICIO, GASOLINERIAS, ESTACIONES DE SERVICIO PARA TODO TIPO DE TRANSPORTE (CON O SIN SERVICIOS AUXILIARES)"
2052520,ASA COLIMA 2,ASA6506102U9,DOM CONOCIDO BUENAVISTA MPO SN,BUENAVISTA,28590,CUAUHTEMOC COL,COLIMA,3144160,5541,"ESTACIONES DE SERVICIO, GASOLINERIAS, ESTACIONES DE SERVICIO PARA TODO TIPO DE TRANSPORTE (CON O SIN SERVICIOS AUXILIARES)"
1518356,PRAXAIR COLIMA,PME 960701GG0,BLVD CARLOS DE LA MADRID B 645,EL TECOLOTE,28090,COLIMA COL,COLIMA,23070529,5983,"DISTRIBUIDOR DE  - GAS LICUADO,(DISTRIBUIDOR DE  - LENA),(DISTRIBUIDOR DE  - DIESEL, PETROLEO),(DISTRIBUIDOR DE  - CARBON),"
1671437,GASOL CERRO DE ORTEGA,ECO 101201VE4,CARR CER D ORT TECO KM1 MAS100,CERRO DE ORTEGA,28900,TECOMAN COL,COLIMA,1116164,5541,"ESTACIONES DE SERVICIO, GASOLINERIAS, ESTACIONES DE SERVICIO PARA TODO TIPO DE TRANSPORTE (CON O SIN SERVICIOS AUXILIARES)"
2242709,PRAXAIR MANZANILLO,PME 960701GG0,MIGUEL DE LA MADRID NO 200 L 2,AEROPUERTO INTERNAC,28860,MANZANILLO COL,COLIMA,43327925,5983,"DISTRIBUIDOR DE  - GAS LICUADO,(DISTRIBUIDOR DE  - LENA),(DISTRIBUIDOR DE  - DIESEL, PETROLEO),(DISTRIBUIDOR DE  - CARBON),"
3618881,GAS LAS AGUILASVILLA,GOC 050525D70,AV E CORONA MORFIN NO 710,BONFIL ALFREDO V,28979,VILLA DE ALVAREZ COL,COLIMA,23114444,5541,"ESTACIONES DE SERVICIO, GASOLINERIAS, ESTACIONES DE SERVICIO PARA TODO TIPO DE TRANSPORTE (CON O SIN SERVICIOS AUXILIARES)"
4041308,GAS EL PORTIN CLAUDIA,PCL070915V5A,KM 31 D LA AUT COLIMA SN,TECOLAPA,28920,TECOMAN COL,COLIMA,31119170,5541,"ESTACIONES DE SERVICIO, GASOLINERIAS, ESTACIONES DE SERVICIO PARA TODO TIPO DE TRANSPORTE (CON O SIN SERVICIOS AUXILIARES)"
3873684,GLOBAL GAS MANZANILLO,GME 671220EJ2,CARR KM5 MANZANILLO CAMPO SN,CAMPOS,28809,MANZANILLO COL,COLIMA,43323270,5983,"DISTRIBUIDOR DE  - GAS LICUADO,(DISTRIBUIDOR DE  - LENA),(DISTRIBUIDOR DE  - DIESEL, PETROLEO),(DISTRIBUIDOR DE  - CARBON),"
1183777,GASOLINERA SERV CARGA,SCC 110531U38,LIBRAM COLIMA COQUIMATLAN 550,RESIDENCIAL PRADOS DEL SUR,28078,COLIMA COL,COLIMA,21142292,5541,"ESTACIONES DE SERVICIO, GASOLINERIAS, ESTACIONES DE SERVICIO PARA TODO TIPO DE TRANSPORTE (CON O SIN SERVICIOS AUXILIARES)"
4027466,SERVICIO LA IGUANA 1,SIG 990705IC5,BLVD MIGUEL DE LA MADRID 384,TAPEIXTLES,28239,MANZANILLO COL,COLIMA,43364959,5541,"ESTACIONES DE SERVICIO, GASOLINERIAS, ESTACIONES DE SERVICIO PARA TODO TIPO DE TRANSPORTE (CON O SIN SERVICIOS AUXILIARES)"
4099803,OXXO GAS LUSAL,SGM 950714DC2,NIGROMANTE NO 102,CENTRO,28000,COLIMA COL,COLIMA,23134810,5541,"ESTACIONES DE SERVICIO, GASOLINERIAS, ESTACIONES DE SERVICIO PARA TODO TIPO DE TRANSPORTE (CON O SIN SERVICIOS AUXILIARES)"
4077744,GAS COMERCIAL LIBRAMIE,CLI 0510043F6,C L EJER MEXICANOSUR 552,FRANCISCO VILLA,28063,COLIMA COL,COLIMA,23128923,5541,"ESTACIONES DE SERVICIO, GASOLINERIAS, ESTACIONES DE SERVICIO PARA TODO TIPO DE TRANSPORTE (CON O SIN SERVICIOS AUXILIARES)"
1449073,GASOL LA CENTRAL,MCS 080526R90,CARR CIHUATLAN MANZ KM 23 150,EL NARANJO,28868,MANZANILLO COL,COLIMA,1005895,5541,"ESTACIONES DE SERVICIO, GASOLINERIAS, ESTACIONES DE SERVICIO PARA TODO TIPO DE TRANSPORTE (CON O SIN SERVICIOS AUXILIARES)"
4098949,GASOL TERRA DE RIOS,TRI 131015DC6,CARR COLIMA TONILA KM 24,QUESERIA,28510,CUAUHTEMOC COL,COLIMA,83395075,5541,"ESTACIONES DE SERVICIO, GASOLINERIAS, ESTACIONES DE SERVICIO PARA TODO TIPO DE TRANSPORTE (CON O SIN SERVICIOS AUXILIARES)"
4099529,ENERGETICOS TECOMAN,SET 801125CS4,AV INSURGENTES NO 1102,MANUEL ALVAREZ,28110,TECOMAN COL,COLIMA,33243782,5541,"ESTACIONES DE SERVICIO, GASOLINERIAS, ESTACIONES DE SERVICIO PARA TODO TIPO DE TRANSPORTE (CON O SIN SERVICIOS AUXILIARES)"
4099806,OXXO GAS DIOSA,SGM 950714DC2,MARIA AHUMADA DE GOMEZ NO 426,BUROCRATAS DEL ESTADO,28989,VILLA DE ALVAREZ COL,COLIMA,23115800,5541,"ESTACIONES DE SERVICIO, GASOLINERIAS, ESTACIONES DE SERVICIO PARA TODO TIPO DE TRANSPORTE (CON O SIN SERVICIOS AUXILIARES)"
2047942,ASA MANZANILLO,ASA6506102U9,CARR MANZANILLO B NAV KM 42 SN,PLAYA DE ORO,28219,MANZANILLO COL,COLIMA,3330397,5541,"ESTACIONES DE SERVICIO, GASOLINERIAS, ESTACIONES DE SERVICIO PARA TODO TIPO DE TRANSPORTE (CON O SIN SERVICIOS AUXILIARES)"
4151461,AUTO SERVICIO EL COLOM,ACO 060726KR9,CARR A COLOMOS KM 85 KM 8 5,EL GARCERO,28800,MANZANILLO COL,COLIMA,43375011,5541,"ESTACIONES DE SERVICIO, GASOLINERIAS, ESTACIONES DE SERVICIO PARA TODO TIPO DE TRANSPORTE (CON O SIN SERVICIOS AUXILIARES)"
4151462,AUTO SERVICIO MALECON,ASM 0408171K2,C HIDALGO 825,PUNTA CHICA,28240,MANZANILLO COL,COLIMA,43324728,5541,"ESTACIONES DE SERVICIO, GASOLINERIAS, ESTACIONES DE SERVICIO PARA TODO TIPO DE TRANSPORTE (CON O SIN SERVICIOS AUXILIARES)"
4151465,AUTO SERVICIO SANTIAGO,ASS 751103RJ3,CARR KM 14 LA CIMA GASOLI KM 1,SANTIAGO,28860,MANZANILLO COL,COLIMA,43343004,5541,"ESTACIONES DE SERVICIO, GASOLINERIAS, ESTACIONES DE SERVICIO PARA TODO TIPO DE TRANSPORTE (CON O SIN SERVICIOS AUXILIARES)"
4151921,SERVICIO UNIVERSIDAD 2,PIVJ560518AW1,AV GONZALO DE S 1300,REVOLUCION,28047,COLIMA COL,COLIMA,23075577,5541,"ESTACIONES DE SERVICIO, GASOLINERIAS, ESTACIONES DE SERVICIO PARA TODO TIPO DE TRANSPORTE (CON O SIN SERVICIOS AUXILIARES)"
4099804,OXXO GAS CENTRAL CAMIO,SGM 950714DC2,ACAMABARO NO 350,SANTA AMALIA,28048,COLIMA COL,COLIMA,23075900,5541,"ESTACIONES DE SERVICIO, GASOLINERIAS, ESTACIONES DE SERVICIO PARA TODO TIPO DE TRANSPORTE (CON O SIN SERVICIOS AUXILIARES)"
4153739,AUTOSERVICIO MALECON,ASM 0408171K2,C PASEO DE LAS GAVIOTA 33,SOLEARES,28219,MANZANILLO COL,COLIMA,41011142,5541,"ESTACIONES DE SERVICIO, GASOLINERIAS, ESTACIONES DE SERVICIO PARA TODO TIPO DE TRANSPORTE (CON O SIN SERVICIOS AUXILIARES)"
4155152,COMBUSTIBLES BUENA ESP,CBE 091123D61,C FLOR DE TABACHIN 118,ARBOLEDAS DEL CARMEN,28978,VILLA DE ALVAREZ COL,COLIMA,23127980,5541,"ESTACIONES DE SERVICIO, GASOLINERIAS, ESTACIONES DE SERVICIO PARA TODO TIPO DE TRANSPORTE (CON O SIN SERVICIOS AUXILIARES)"
3377306,SERVICIOS ENERGETICOS,SEP 040720I72,ELIAS ZAMORA VERDUZCO NO 2128,ROSA MORADA,28869,MANZANILLO COL,COLIMA,1202486,5541,"ESTACIONES DE SERVICIO, GASOLINERIAS, ESTACIONES DE SERVICIO PARA TODO TIPO DE TRANSPORTE (CON O SIN SERVICIOS AUXILIARES)"
3873866,GLOBAL GAS COLIMA,GME 671220EJ2,CARR KM2 LIBRAMIENTO SUR SN,RESIDENCIAL PRADOS DEL SUR,28078,COLIMA COL,COLIMA,23120070,5983,"DISTRIBUIDOR DE  - GAS LICUADO,(DISTRIBUIDOR DE  - LENA),(DISTRIBUIDOR DE  - DIESEL, PETROLEO),(DISTRIBUIDOR DE  - CARBON),"
4151463,AUTO SERVICIO LAS PARO,ASP 080902313,AV DE LAS ROSAS SN,ABELARDO L RODRIGUEZ,28863,MANZANILLO COL,COLIMA,41383124,5541,"ESTACIONES DE SERVICIO, GASOLINERIAS, ESTACIONES DE SERVICIO PARA TODO TIPO DE TRANSPORTE (CON O SIN SERVICIOS AUXILIARES)"
4027465,GASOLINERA PACIFICO 1,GPA 020701U15,CARR MANZANILLO MI 31,PRIMAVERA,28239,MANZANILLO COL,COLIMA,43313600,5541,"ESTACIONES DE SERVICIO, GASOLINERIAS, ESTACIONES DE SERVICIO PARA TODO TIPO DE TRANSPORTE (CON O SIN SERVICIOS AUXILIARES)"
4174246,GASOLINERA COMALA,GCO 0103122T6,C VENUSTIANO CARRANZA 180,COMALA,28450,COMALA COL,COLIMA,23156073,5541,"ESTACIONES DE SERVICIO, GASOLINERIAS, ESTACIONES DE SERVICIO PARA TODO TIPO DE TRANSPORTE (CON O SIN SERVICIOS AUXILIARES)"
4175492,G GASOLINERO DE OCCIDE,GGO 000904LS8,AV MELCHOR OCAMPO 69,CUAUHTEMOC,28500,CUAUHTEMOC COL,COLIMA,83281305,5541,"ESTACIONES DE SERVICIO, GASOLINERIAS, ESTACIONES DE SERVICIO PARA TODO TIPO DE TRANSPORTE (CON O SIN SERVICIOS AUXILIARES)"
4180510,GAS RAMCAL ENTRONQUE,RAM 0402269N0,CARR ENTRONQUE CUOTA 101,EL COLOMO,28800,MANZANILLO COL,COLIMA,41412349,5541,"ESTACIONES DE SERVICIO, GASOLINERIAS, ESTACIONES DE SERVICIO PARA TODO TIPO DE TRANSPORTE (CON O SIN SERVICIOS AUXILIARES)"
4185722,SERVICIO LOS SAUCES,SSA 030416UB1,CARR COLIMA COQUIMATLAN 300,COLIMA CENTRO,28000,COLIMA COL,COLIMA,23131004,5541,"ESTACIONES DE SERVICIO, GASOLINERIAS, ESTACIONES DE SERVICIO PARA TODO TIPO DE TRANSPORTE (CON O SIN SERVICIOS AUXILIARES)"
4163331,RAMCAL PISTA,RAM 0402269N0,CARR MANZANILLO 4000,CAMPOS,28809,MANZANILLO COL,COLIMA,43376030,5541,"ESTACIONES DE SERVICIO, GASOLINERIAS, ESTACIONES DE SERVICIO PARA TODO TIPO DE TRANSPORTE (CON O SIN SERVICIOS AUXILIARES)"
4200933,ENERGETICOS SAVI,ESA 110906N94,CARR COLIMA A GUADALAJARA KM 3,EL DIEZMO,28010,COLIMA COL,COLIMA,21663948,5541,"ESTACIONES DE SERVICIO, GASOLINERIAS, ESTACIONES DE SERVICIO PARA TODO TIPO DE TRANSPORTE (CON O SIN SERVICIOS AUXILIARES)"
4236114,MULTISERVICIO ALCARACE,MAL 1001272K2,CARR LIBRE FEDERAL COLIMA NA N,ALCARACES,28520,CUAUHTEMOC COL,COLIMA,21551168,5541,"ESTACIONES DE SERVICIO, GASOLINERIAS, ESTACIONES DE SERVICIO PARA TODO TIPO DE TRANSPORTE (CON O SIN SERVICIOS AUXILIARES)"
4192661,GRUPO OCCID DE COMBUST,GOD 070315UM6,CARR MANZANILLO MINATITLA 1200,TAPEIXTLES,28239,MANZANILLO COL,COLIMA,41466315,5541,"ESTACIONES DE SERVICIO, GASOLINERIAS, ESTACIONES DE SERVICIO PARA TODO TIPO DE TRANSPORTE (CON O SIN SERVICIOS AUXILIARES)"
4173271,SERVICIO UNIVERSIDAD,PIVJ560518AW1,AV GONZALO DE S 1300,REVOLUCION,28047,COLIMA COL,COLIMA,23075577,5541,"ESTACIONES DE SERVICIO, GASOLINERIAS, ESTACIONES DE SERVICIO PARA TODO TIPO DE TRANSPORTE (CON O SIN SERVICIOS AUXILIARES)"
4185458,GASOS MANZANILLO,GMA 101216K36,AV NINOS HEROES 542,MANZANILLO CENTRO,28200,MANZANILLO COL,COLIMA,43321158,5542,DISPENSADOR AUTOMATICO DE GASOLINA
4238352,ENERGETICOS MONTELLANO,EMO 190613T85,AV ENRIQUE CORONA MONRF 515,BUROCRATAS DEL ESTADO,28989,VILLA DE ALVAREZ COL,COLIMA,22079162,5541,"ESTACIONES DE SERVICIO, GASOLINERIAS, ESTACIONES DE SERVICIO PARA TODO TIPO DE TRANSPORTE (CON O SIN SERVICIOS AUXILIARES)"
4236107,MULTISERVICIO ALCARACE,MAL 1001272K2,CARR LIBRE FEDERAL COLIMA A A,ALCARACES,28520,CUAUHTEMOC COL,COLIMA,81551168,5541,"ESTACIONES DE SERVICIO, GASOLINERIAS, ESTACIONES DE SERVICIO PARA TODO TIPO DE TRANSPORTE (CON O SIN SERVICIOS AUXILIARES)"
4099805,OXXO GAS ORO,SGM 950714DC2,ENRIQUE CORONA MORFIN NO 710,ALFREDO V BONFIL,28979,VILLA DE ALVAREZ COL,COLIMA,23115444,5541,"ESTACIONES DE SERVICIO, GASOLINERIAS, ESTACIONES DE SERVICIO PARA TODO TIPO DE TRANSPORTE (CON O SIN SERVICIOS AUXILIARES)"
4257993,ENERGETICOS SAVI 1,ESA 110906N94,CARR COLIMA GUADALAJARA KM 3 C,EL DIEZMO,28010,COLIMA COL,COLIMA,21663948,5541,"ESTACIONES DE SERVICIO, GASOLINERIAS, ESTACIONES DE SERVICIO PARA TODO TIPO DE TRANSPORTE (CON O SIN SERVICIOS AUXILIARES)"
4362406,SERV PUERTA DE HIERRO,SPH1009157E8,AV IGNACIO SANDOVAL NO 1555,GIRASOLES,28018,COLIMA COL,COLIMA,3130909,5541,"ESTACIONES DE SERVICIO, GASOLINERIAS, ESTACIONES DE SERVICIO PARA TODO TIPO DE TRANSPORTE (CON O SIN SERVICIOS AUXILIARES)"
4555752,REJAGAS TECONOLOGICO,ACL 981119TJ6,AV TECNOLOGICO 86,HIDALGO,28037,COLIMA COL,COLIMA,21974458,5541,"ESTACIONES DE SERVICIO, GASOLINERIAS, ESTACIONES DE SERVICIO PARA TODO TIPO DE TRANSPORTE (CON O SIN SERVICIOS AUXILIARES)"
4560033,SERVIGAS,HEPR680908SI5,REFORMA NO 100,COLIMA CENTRO,28000,COLIMA COL,COLIMA,23125000,5983,"DISTRIBUIDOR DE  - GAS LICUADO,(DISTRIBUIDOR DE  - LENA),(DISTRIBUIDOR DE  - DIESEL, PETROLEO),(DISTRIBUIDOR DE  - CARBON),"
4558614,GASOLINERA COMPLEJO,GCO 1208286A2,AV EJERCITO MEXICANO 1075,EL PORVENIR,28019,COLIMA COL,COLIMA,21614474,5541,"ESTACIONES DE SERVICIO, GASOLINERIAS, ESTACIONES DE SERVICIO PARA TODO TIPO DE TRANSPORTE (CON O SIN SERVICIOS AUXILIARES)"
4461766,GAS EL PORTIN DE CLAUD,PCL 070915V5A,AUT MANZANILLO COLIMA KM31,TECOLAPA,28920,TECOMAN COL,COLIMA,31119170,5541,"ESTACIONES DE SERVICIO, GASOLINERIAS, ESTACIONES DE SERVICIO PARA TODO TIPO DE TRANSPORTE (CON O SIN SERVICIOS AUXILIARES)"
4670101,GASOS MANZANILLO 2,GMA 101216K36,AV NINOS HEROES 542,MANZANILLO CENTRO,28200,MANZANILLO COL,COLIMA,43321158,5541,"ESTACIONES DE SERVICIO, GASOLINERIAS, ESTACIONES DE SERVICIO PARA TODO TIPO DE TRANSPORTE (CON O SIN SERVICIOS AUXILIARES)"
4555754,REJAGAS SUR,ACL 981119TJ6,AV MANUEL J CLUTHIER 465,LOMAS DE LAS FLORES,28979,VILLA DE ALVAREZ COL,COLIMA,21198591,5541,"ESTACIONES DE SERVICIO, GASOLINERIAS, ESTACIONES DE SERVICIO PARA TODO TIPO DE TRANSPORTE (CON O SIN SERVICIOS AUXILIARES)"
4555757,REJAGAS NORTE,ACL 981119TJ6,AV MANULE J CLUTHIER 470,LOMAS DE LAS FLORES,28979,VILLA DE ALVAREZ COL,COLIMA,21965134,5541,"ESTACIONES DE SERVICIO, GASOLINERIAS, ESTACIONES DE SERVICIO PARA TODO TIPO DE TRANSPORTE (CON O SIN SERVICIOS AUXILIARES)"
4555762,REJAGAS ARMERIA,ACL 981119TJ6,AV NETZAHUALCOYOTL 231,ARMERIA CENTRO,28300,ARMERIA COL,COLIMA,31130189,5541,"ESTACIONES DE SERVICIO, GASOLINERIAS, ESTACIONES DE SERVICIO PARA TODO TIPO DE TRANSPORTE (CON O SIN SERVICIOS AUXILIARES)"
4587386,COLECTIVO,CRA 211010QV5,C ACAMBARO 0,TAPEIXTLES,28239,MANZANILLO COL,COLIMA,40414656,5541,"ESTACIONES DE SERVICIO, GASOLINERIAS, ESTACIONES DE SERVICIO PARA TODO TIPO DE TRANSPORTE (CON O SIN SERVICIOS AUXILIARES)"
4163330,RAMCAL LIBRE,RAM 0402269N0,CARR FEDERAL MA KM 307 500,EL COLOMO,28800,MANZANILLO COL,COLIMA,43376030,5541,"ESTACIONES DE SERVICIO, GASOLINERIAS, ESTACIONES DE SERVICIO PARA TODO TIPO DE TRANSPORTE (CON O SIN SERVICIOS AUXILIARES)"
4886671,GASOTEC,GAS011024I41,AV TECNOLOGICO 32,LOMAS VISTAHERMOSA,28016,COLIMA COL,COLIMA,23234545,5541,"ESTACIONES DE SERVICIO, GASOLINERIAS, ESTACIONES DE SERVICIO PARA TODO TIPO DE TRANSPORTE (CON O SIN SERVICIOS AUXILIARES)"
4912277,GASO JOYCAR,SLJ9601091Z0,CARR COLIMA GUADALAJARA KM3 5,EL DIEZMO,28010,COLIMA COL,COLIMA,23150333,5541,"ESTACIONES DE SERVICIO, GASOLINERIAS, ESTACIONES DE SERVICIO PARA TODO TIPO DE TRANSPORTE (CON O SIN SERVICIOS AUXILIARES)"
4944038,KEYAPAAL,KEY090921484,C NETZAHUALCOYOTL 157,ARMERIA CENTRO,28300,ARMERIA COL,COLIMA,33220001,5541,"ESTACIONES DE SERVICIO, GASOLINERIAS, ESTACIONES DE SERVICIO PARA TODO TIPO DE TRANSPORTE (CON O SIN SERVICIOS AUXILIARES)"
4178906,GPO DIAMANTE,GDC 070323MG3,AV PABLO SILVA 104,VILLA DE ORO,28985,VILLA DE ALVAREZ COL,COLIMA,23120025,5541,"ESTACIONES DE SERVICIO, GASOLINERIAS, ESTACIONES DE SERVICIO PARA TODO TIPO DE TRANSPORTE (CON O SIN SERVICIOS AUXILIARES)"
5132980,GASOLINERA ISLA NAVIDA,LERJ541028851,P DEL PESCADOR SN,EL CHAVARIN,28830,MANZANILLO COL,COLIMA,43379023,5541,"ESTACIONES DE SERVICIO, GASOLINERIAS, ESTACIONES DE SERVICIO PARA TODO TIPO DE TRANSPORTE (CON O SIN SERVICIOS AUXILIARES)"
5521596,AUTOSERVICIO LA ESTANC,ASE 030723953,AV NINOS HEROES NO 289,BUROCRATAS,28040,COLIMA COL,COLIMA,1611844,5541,"ESTACIONES DE SERVICIO, GASOLINERIAS, ESTACIONES DE SERVICIO PARA TODO TIPO DE TRANSPORTE (CON O SIN SERVICIOS AUXILIARES)"
4236972,GASOL VISTA HERMO,GRV 1009278F7,AV IGNACIO SANDOVAL NO 1670 L,REAL VISTA HERMOSA,28018,COLIMA COL,COLIMA,23237710,5541,"ESTACIONES DE SERVICIO, GASOLINERIAS, ESTACIONES DE SERVICIO PARA TODO TIPO DE TRANSPORTE (CON O SIN SERVICIOS AUXILIARES)"
7046445,GAS SERV MINA PENA 2,SMP 050606SE5,AV PAROTAS NO 30,VILLA DE ALVAREZ CENTRO,28970,VILLA DE ALVAREZ COL,COLIMA,3113172,5541,"ESTACIONES DE SERVICIO, GASOLINERIAS, ESTACIONES DE SERVICIO PARA TODO TIPO DE TRANSPORTE (CON O SIN SERVICIOS AUXILIARES)"
7059346,GAS SERV MINA DE PENA,SMP 050606SE5,AV PAROTAS NO 30 L,VILLA DE ALVAREZ CENTRO,28970,VILLA DE ALVAREZ COL,COLIMA,3113172,5541,"ESTACIONES DE SERVICIO, GASOLINERIAS, ESTACIONES DE SERVICIO PARA TODO TIPO DE TRANSPORTE (CON O SIN SERVICIOS AUXILIARES)"
7089634,GRUPO GASOCOL,GGA9705144M6,CARR COLIMA COQUIMATLAN NO 401,JULUAPAN,28950,VILLA DE ALVAREZ COL,COLIMA,23132232,5541,"ESTACIONES DE SERVICIO, GASOLINERIAS, ESTACIONES DE SERVICIO PARA TODO TIPO DE TRANSPORTE (CON O SIN SERVICIOS AUXILIARES)"
7095458,SERV LOS SAUCES,SSA 030416UB1,LIBR COLIMA COQUIMATLAN NO 30,CENTRO,28000,COLIMA COL,COLIMA,3131100,5541,"ESTACIONES DE SERVICIO, GASOLINERIAS, ESTACIONES DE SERVICIO PARA TODO TIPO DE TRANSPORTE (CON O SIN SERVICIOS AUXILIARES)"
7128911,SERV LA IGUANA SA,SIG 990705IC5,BLVD MIGUEL D LA MADRID NO 384,TEPEIXTLES,28876,MANZANILLO COL,COLIMA,3364959,5541,"ESTACIONES DE SERVICIO, GASOLINERIAS, ESTACIONES DE SERVICIO PARA TODO TIPO DE TRANSPORTE (CON O SIN SERVICIOS AUXILIARES)"
7129018,GASOL PACIFICO,GPA 020701U15,CARR MANZ MINATITLAN SN,TEPEIXTLES,28876,MANZANILLO COL,COLIMA,3364696,5541,"ESTACIONES DE SERVICIO, GASOLINERIAS, ESTACIONES DE SERVICIO PARA TODO TIPO DE TRANSPORTE (CON O SIN SERVICIOS AUXILIARES)"
7155299,GASOL AUTO SERV MALE,ASM 0408171K2,PASEO GAVIOTAS MZ 311 NO 33,SOLEARES,28219,MANZANILLO COL,COLIMA,3324728,5541,"ESTACIONES DE SERVICIO, GASOLINERIAS, ESTACIONES DE SERVICIO PARA TODO TIPO DE TRANSPORTE (CON O SIN SERVICIOS AUXILIARES)"
7168739,MAGNOGAS,MAG 090903673,AV PABLO SILVA GARCIA NO 115 L,BUROCRATAS DEL ESTADO,28989,VILLA DE ALVAREZ COL,COLIMA,23116001,5541,"ESTACIONES DE SERVICIO, GASOLINERIAS, ESTACIONES DE SERVICIO PARA TODO TIPO DE TRANSPORTE (CON O SIN SERVICIOS AUXILIARES)"
7193304,CG GASOL SOCOMBUMEX,SOC 070606PG2,TIBURO NO 1,FONDEPORT,28219,MANZANILLO COL,COLIMA,43346511,5541,"ESTACIONES DE SERVICIO, GASOLINERIAS, ESTACIONES DE SERVICIO PARA TODO TIPO DE TRANSPORTE (CON O SIN SERVICIOS AUXILIARES)"
7227467,GAS CONFIA,GCO 1705319P6,AV TECNOLOGICO NO 328,LIBERACION,28976,VILLA DE ALVAREZ COL,COLIMA,3125999,5541,"ESTACIONES DE SERVICIO, GASOLINERIAS, ESTACIONES DE SERVICIO PARA TODO TIPO DE TRANSPORTE (CON O SIN SERVICIOS AUXILIARES)"
7383750,GRUPO HUROLI,GHU 1011294M4,BLV MIGUEL DE LA MADRD NO 1030,SALAGUA,28869,MANZANILLO COL,COLIMA,43342970,5541,"ESTACIONES DE SERVICIO, GASOLINERIAS, ESTACIONES DE SERVICIO PARA TODO TIPO DE TRANSPORTE (CON O SIN SERVICIOS AUXILIARES)"
7406209,GASOL SERV UNIDAD,GGM 1003268T7,BLVD COQUIMATLAN NO 33,COQUIMATLAN,28400,COQUIMATLAN COL,COLIMA,1595670,5541,"ESTACIONES DE SERVICIO, GASOLINERIAS, ESTACIONES DE SERVICIO PARA TODO TIPO DE TRANSPORTE (CON O SIN SERVICIOS AUXILIARES)"
6549943,SERV KEYAPAAL,KEY 090921484,NETZAHUALCOYOTL NO 157,ARMERIA,28300,ARMERIA COL,COLIMA,3220001,5541,"ESTACIONES DE SERVICIO, GASOLINERIAS, ESTACIONES DE SERVICIO PARA TODO TIPO DE TRANSPORTE (CON O SIN SERVICIOS AUXILIARES)"
7468082,GARMU GRUPO ENERGETICO,GGE 151030ND0,CARR COL COQUIMATLAN KM 8 5 SN,CENTRO,28000,COLIMA COL,COLIMA,3230335,5541,"ESTACIONES DE SERVICIO, GASOLINERIAS, ESTACIONES DE SERVICIO PARA TODO TIPO DE TRANSPORTE (CON O SIN SERVICIOS AUXILIARES)"
7574847,GASOLINERA LOS OLIVOS,GOL 130523RL6,AV PABLO SILVA GARCIA 929,LOS OLIVOS,28982,VILLA DE ALVAREZ COL,COLIMA,21391402,5541,"ESTACIONES DE SERVICIO, GASOLINERIAS, ESTACIONES DE SERVICIO PARA TODO TIPO DE TRANSPORTE (CON O SIN SERVICIOS AUXILIARES)"
7580641,GAS SUPERSERV TECOLOTE,STE 111207PD7,AV CARLOS DE LA MAD NO 894,EL TECOLOTE,28090,COLIMA COL,COLIMA,3144949,5541,"ESTACIONES DE SERVICIO, GASOLINERIAS, ESTACIONES DE SERVICIO PARA TODO TIPO DE TRANSPORTE (CON O SIN SERVICIOS AUXILIARES)"
7619091,SERV XACOBEO,SXA041111GR2,CARR COLIMA GDL KM 5 7,EL TRAPICHE,28550,CUAUHTEMOC COL,COLIMA,83150610,5541,"ESTACIONES DE SERVICIO, GASOLINERIAS, ESTACIONES DE SERVICIO PARA TODO TIPO DE TRANSPORTE (CON O SIN SERVICIOS AUXILIARES)"
7645350,ASA COLIMA,ASA6506102U9,DOM CONOCIDO BUENAVISTA MPO SN,BUENAVISTA,28590,CUAUHTEMOC COL,COLIMA,83144160,5541,"ESTACIONES DE SERVICIO, GASOLINERIAS, ESTACIONES DE SERVICIO PARA TODO TIPO DE TRANSPORTE (CON O SIN SERVICIOS AUXILIARES)"
7089584,GAS LAS GOLONDRINAS,CGO960401N42,CARR COLIMA MANZANILLO KM 11 2,CENTRO,28000,COLIMA COL,COLIMA,23307150,5541,"ESTACIONES DE SERVICIO, GASOLINERIAS, ESTACIONES DE SERVICIO PARA TODO TIPO DE TRANSPORTE (CON O SIN SERVICIOS AUXILIARES)"
7089709,GAS GRUPO 65,GRU920709EQ0,CARMEN SERDAN NO 266,EL LLANO,28988,VILLA DE ALVAREZ COL,COLIMA,23110616,5541,"ESTACIONES DE SERVICIO, GASOLINERIAS, ESTACIONES DE SERVICIO PARA TODO TIPO DE TRANSPORTE (CON O SIN SERVICIOS AUXILIARES)"
7089857,GASOL CAVE,CAV9306031F2,VICENTE GUERRERO NO 701,CENTRO,28000,COLIMA COL,COLIMA,23143705,5541,"ESTACIONES DE SERVICIO, GASOLINERIAS, ESTACIONES DE SERVICIO PARA TODO TIPO DE TRANSPORTE (CON O SIN SERVICIOS AUXILIARES)"
7120330,GRAL D COMB COLIMA,GCC 031006PM9,AV MANZANILLO NO 93,AGUA MARINA RESIDENCIAL,28869,MANZANILLO COL,COLIMA,43346292,5541,"ESTACIONES DE SERVICIO, GASOLINERIAS, ESTACIONES DE SERVICIO PARA TODO TIPO DE TRANSPORTE (CON O SIN SERVICIOS AUXILIARES)"
7693307,SERV LA UNIDAD,GGM 1003268T7,BLVD COQUIMATLAN NO 33,COQUIMATLAN,28400,COQUIMATLAN COL,COLIMA,1596670,5541,"ESTACIONES DE SERVICIO, GASOLINERIAS, ESTACIONES DE SERVICIO PARA TODO TIPO DE TRANSPORTE (CON O SIN SERVICIOS AUXILIARES)"
7704324,SERV GRUPO 65,GRU 920709EQ0,CARMEN SERDAN NO 266,EL LLANO,28988,VILLA DE ALVAREZ COL,COLIMA,2310616,5541,"ESTACIONES DE SERVICIO, GASOLINERIAS, ESTACIONES DE SERVICIO PARA TODO TIPO DE TRANSPORTE (CON O SIN SERVICIOS AUXILIARES)"
7740107,GASOL AUTOSE PUER CO 2,APC 1203021L8,CONSTITUCION NO 2139,PUERTA DEL SOL,28017,COLIMA COL,COLIMA,3129960,5541,"ESTACIONES DE SERVICIO, GASOLINERIAS, ESTACIONES DE SERVICIO PARA TODO TIPO DE TRANSPORTE (CON O SIN SERVICIOS AUXILIARES)"
4553188,TECOMAN,GCA 0708174IA,AV ADOLFO LOPEZ MATEOS 330,TECOMAN CENTRO,28100,TECOMAN COL,COLIMA,36691760,5541,"ESTACIONES DE SERVICIO, GASOLINERIAS, ESTACIONES DE SERVICIO PARA TODO TIPO DE TRANSPORTE (CON O SIN SERVICIOS AUXILIARES)"
4557524,EL PORTIN DE CLAUDIA I,PCL 070915V5A,CARR MANZANILLO COLIMA KM31,TECOLAPA,28920,TECOMAN COL,COLIMA,31651687,5541,"ESTACIONES DE SERVICIO, GASOLINERIAS, ESTACIONES DE SERVICIO PARA TODO TIPO DE TRANSPORTE (CON O SIN SERVICIOS AUXILIARES)"
4557525,EL PORTIN DE CLAUDIA 2,PCL 070915V5A,CARR MANZANILLO COLIMA KM31,TECOLAPA,28920,TECOMAN COL,COLIMA,31119170,5541,"ESTACIONES DE SERVICIO, GASOLINERIAS, ESTACIONES DE SERVICIO PARA TODO TIPO DE TRANSPORTE (CON O SIN SERVICIOS AUXILIARES)"
7783600,GASOL TECOMAN,GTE 940228AZ7,CARR TECOMAN PLAYA AZUL SN,CENTRO,28100,TECOMAN COL,COLIMA,3247980,5541,"ESTACIONES DE SERVICIO, GASOLINERIAS, ESTACIONES DE SERVICIO PARA TODO TIPO DE TRANSPORTE (CON O SIN SERVICIOS AUXILIARES)"
7788967,GASOL TECOMAN 2,GTE 940228AZ7,JAVIER MINA NO 501,TEPEYAC,28110,TECOMAN COL,COLIMA,3243095,5541,"ESTACIONES DE SERVICIO, GASOLINERIAS, ESTACIONES DE SERVICIO PARA TODO TIPO DE TRANSPORTE (CON O SIN SERVICIOS AUXILIARES)"
7805843,GAS VALLE NUEVO 2,ESV 0610314G2,MARIANO MATAMOROS NO 690,BUGAMBILIAS,28180,TECOMAN COL,COLIMA,3243524,5541,"ESTACIONES DE SERVICIO, GASOLINERIAS, ESTACIONES DE SERVICIO PARA TODO TIPO DE TRANSPORTE (CON O SIN SERVICIOS AUXILIARES)"
7839313,GASOL EL TECOLOTE B2,STE 111207PD7,AV CARLOS DE LA MAD B NO 894,COLIMA CENTRO,28000,COLIMA COL,COLIMA,1610039,5541,"ESTACIONES DE SERVICIO, GASOLINERIAS, ESTACIONES DE SERVICIO PARA TODO TIPO DE TRANSPORTE (CON O SIN SERVICIOS AUXILIARES)"
7839315,GASOL EL TECOLOTE B3,STE 111207PD7,AV CARLOS DE LA MAD B NO 894,COLIMA CENTRO,28000,COLIMA COL,COLIMA,1610039,5541,"ESTACIONES DE SERVICIO, GASOLINERIAS, ESTACIONES DE SERVICIO PARA TODO TIPO DE TRANSPORTE (CON O SIN SERVICIOS AUXILIARES)"
7862715,SERV SOLORZANO 2,SSO 7212046V1,AV S FERNANDO Y BLVD CAM RE SN,CENTRO,28000,COLIMA COL,COLIMA,3120801,5541,"ESTACIONES DE SERVICIO, GASOLINERIAS, ESTACIONES DE SERVICIO PARA TODO TIPO DE TRANSPORTE (CON O SIN SERVICIOS AUXILIARES)"
7862934,GASOL DEL PACIFICO,GPA810206H65,5 DE MAYO NO 348,TECOMAN CENTRO,28100,TECOMAN COL,COLIMA,3247020,5541,"ESTACIONES DE SERVICIO, GASOLINERIAS, ESTACIONES DE SERVICIO PARA TODO TIPO DE TRANSPORTE (CON O SIN SERVICIOS AUXILIARES)"
7874284,SERV ESTRELL DEL SUR 2,SES040813137,TERCER ANILLO PERIFERIC NO 101,LOMAS DE LA HIGUERA,28979,VILLA DE ALVAREZ COL,COLIMA,3116252,5541,"ESTACIONES DE SERVICIO, GASOLINERIAS, ESTACIONES DE SERVICIO PARA TODO TIPO DE TRANSPORTE (CON O SIN SERVICIOS AUXILIARES)"
7933704,GAS CONFIA,GCO1705319P6,AV TECNOLOGICO NO 328,LIBERACION,28976,VILLA DE ALVAREZ COL,COLIMA,3125999,5541,"ESTACIONES DE SERVICIO, GASOLINERIAS, ESTACIONES DE SERVICIO PARA TODO TIPO DE TRANSPORTE (CON O SIN SERVICIOS AUXILIARES)"
7197267,GAS CONFIA,GCO 1705319P6,AV TECNOLOGICO NO 328,LIBERACION,28976,VILLA DE ALVAREZ COL,COLIMA,29439389,5541,"ESTACIONES DE SERVICIO, GASOLINERIAS, ESTACIONES DE SERVICIO PARA TODO TIPO DE TRANSPORTE (CON O SIN SERVICIOS AUXILIARES)"
7953594,GAS CHAPALITA TECOMAN,GCA 0708174IA,AV ADOLFO LOPEZ MATEOS NO 330,TECOMAN CENTRO,28100,TECOMAN COL,COLIMA,1210591,5541,"ESTACIONES DE SERVICIO, GASOLINERIAS, ESTACIONES DE SERVICIO PARA TODO TIPO DE TRANSPORTE (CON O SIN SERVICIOS AUXILIARES)"
7954206,GASOL GOCSA 2,GOD070315UM6,BLVD MIGUEL LA MADRID NO 1557,SANTIAGO,28860,MANZANILLO COL,COLIMA,1184209,5541,"ESTACIONES DE SERVICIO, GASOLINERIAS, ESTACIONES DE SERVICIO PARA TODO TIPO DE TRANSPORTE (CON O SIN SERVICIOS AUXILIARES)"
7959928,COMBUST LA ESTANCIA 2,CES 071221PY3,PABLO SILVA GARCIA NO 940,LOS PICACHOS,28952,VILLA DE ALVAREZ COL,COLIMA,3081192,5541,"ESTACIONES DE SERVICIO, GASOLINERIAS, ESTACIONES DE SERVICIO PARA TODO TIPO DE TRANSPORTE (CON O SIN SERVICIOS AUXILIARES)"
8042866,GASOPRIM,GAS060322BI6,PROL PSO M MADRID HURTA NO 151,FRANCISCO I MADERO,28610,COLIMA COL,COLIMA,3234546,5541,"ESTACIONES DE SERVICIO, GASOLINERIAS, ESTACIONES DE SERVICIO PARA TODO TIPO DE TRANSPORTE (CON O SIN SERVICIOS AUXILIARES)"
8049972,GASOL SECARE I,SCR 0505122A3,BLVD CAMINO REAL NO 752,EL PORVENIR,28019,COLIMA COL,COLIMA,3152478,5541,"ESTACIONES DE SERVICIO, GASOLINERIAS, ESTACIONES DE SERVICIO PARA TODO TIPO DE TRANSPORTE (CON O SIN SERVICIOS AUXILIARES)"
8049977,GASOL SECARE II,SCR 0505122A3,BLVD CAMINO REAL NO 752,EL PORVENIR,28019,COLIMA COL,COLIMA,3140019,5541,"ESTACIONES DE SERVICIO, GASOLINERIAS, ESTACIONES DE SERVICIO PARA TODO TIPO DE TRANSPORTE (CON O SIN SERVICIOS AUXILIARES)"
8135290,GAS GOC 4,GOD 070315UM6,AV ELIAS ZAMORA VERDUZCO NO 71,BARRIO II VALLE DE LAS GARZAS,28219,MANZANILLO COL,COLIMA,3366101,5541,"ESTACIONES DE SERVICIO, GASOLINERIAS, ESTACIONES DE SERVICIO PARA TODO TIPO DE TRANSPORTE (CON O SIN SERVICIOS AUXILIARES)"
8135291,GAS GOC5,GOD070315UM6,AV MANZANILLO NO 398,PENINSULA DE SANTIAGO,28860,MANZANILLO COL,COLIMA,1380582,5541,"ESTACIONES DE SERVICIO, GASOLINERIAS, ESTACIONES DE SERVICIO PARA TODO TIPO DE TRANSPORTE (CON O SIN SERVICIOS AUXILIARES)"
8143020,GAS JOVALDI,GJO0605094S4,BLVD MIGUEL DE LA MAD NO 302,TAPEIXTLES,28239,MANZANILLO COL,COLIMA,3571743,5541,"ESTACIONES DE SERVICIO, GASOLINERIAS, ESTACIONES DE SERVICIO PARA TODO TIPO DE TRANSPORTE (CON O SIN SERVICIOS AUXILIARES)"
8149182,GAS GOCSA3,GOD070315UM6,CARR MANZAN MINA KM1 2 NO 1200,TAPEIXTLES,28239,MANZANILLO COL,COLIMA,43368484,5541,"ESTACIONES DE SERVICIO, GASOLINERIAS, ESTACIONES DE SERVICIO PARA TODO TIPO DE TRANSPORTE (CON O SIN SERVICIOS AUXILIARES)"
8149183,GAS GOCSA6,GOD070315UM6,GRACIANO SANCHEZ NO 35,PACIFICO,28219,MANZANILLO COL,COLIMA,43337122,5541,"ESTACIONES DE SERVICIO, GASOLINERIAS, ESTACIONES DE SERVICIO PARA TODO TIPO DE TRANSPORTE (CON O SIN SERVICIOS AUXILIARES)"
8149186,GAS GOCSA4,GOD070315UM6,AV ELIAS ZAMORA VERDUZCO NO 71,VALLE DE LAS GARZAS,28219,MANZANILLO COL,COLIMA,43366101,5541,"ESTACIONES DE SERVICIO, GASOLINERIAS, ESTACIONES DE SERVICIO PARA TODO TIPO DE TRANSPORTE (CON O SIN SERVICIOS AUXILIARES)"
8174218,AUTOSERV PUERTA CONSTI,APC 1203021L8,AV CONSTITUCION NO 2139,PUERTA DEL SOL,28017,COLIMA COL,COLIMA,3129960,5541,"ESTACIONES DE SERVICIO, GASOLINERIAS, ESTACIONES DE SERVICIO PARA TODO TIPO DE TRANSPORTE (CON O SIN SERVICIOS AUXILIARES)"
8226088,GAS MEX MANZANILLO,GME991201IIA,BLVD MMH FTE A LA FORD SN,23 DE NOVIEMBRE,28219,MANZANILLO COL,COLIMA,4333365,5541,"ESTACIONES DE SERVICIO, GASOLINERIAS, ESTACIONES DE SERVICIO PARA TODO TIPO DE TRANSPORTE (CON O SIN SERVICIOS AUXILIARES)"
8284528,GASOL REJAGAS SUR,ACL981119TJ6,MANUEL J CLUTHIER NO 465,LOMAS DE LAS FLORES,28979,VILLA DE ALVAREZ COL,COLIMA,3115558,5541,"ESTACIONES DE SERVICIO, GASOLINERIAS, ESTACIONES DE SERVICIO PARA TODO TIPO DE TRANSPORTE (CON O SIN SERVICIOS AUXILIARES)"
8367358,GASOL SERV CORTEZ DE C,SCC7902131Z0,CR COL MANZANILLO KM 2 5 SN,EL TIVOLI,28080,COLIMA COL,COLIMA,3126666,5541,"ESTACIONES DE SERVICIO, GASOLINERIAS, ESTACIONES DE SERVICIO PARA TODO TIPO DE TRANSPORTE (CON O SIN SERVICIOS AUXILIARES)"
5801162,AUTOSERVICIO SANTIAGO,ASS 751103RJ3,BLVD MIGUEL DE LA MADRID KM 14,SANTIAGO,28860,MANZANILLO COL,COLIMA,3343004,5541,"ESTACIONES DE SERVICIO, GASOLINERIAS, ESTACIONES DE SERVICIO PARA TODO TIPO DE TRANSPORTE (CON O SIN SERVICIOS AUXILIARES)"
6667968,GASCOL,GOC 130509AZ7,CARR COLIMA GDL KM 4 720 SN,CUAUHTEMOC,28500,CUAUHTEMOC COL,COLIMA,23150101,5541,"ESTACIONES DE SERVICIO, GASOLINERIAS, ESTACIONES DE SERVICIO PARA TODO TIPO DE TRANSPORTE (CON O SIN SERVICIOS AUXILIARES)"
6771968,SUPER SERV MORENO,SSM0108045Z2,KM 38 AUTOP COL MANZANILLO SN,CENTRO,28100,TECOMAN COL,COLIMA,3246141,5541,"ESTACIONES DE SERVICIO, GASOLINERIAS, ESTACIONES DE SERVICIO PARA TODO TIPO DE TRANSPORTE (CON O SIN SERVICIOS AUXILIARES)"
6787048,GRAL DE COMB COLIMA,GCC 031006PM9,AV ELIAS ZAMORA VERDUZCO NO 59,VALLE DE LAS GARZAS,28219,MANZANILLO COL,COLIMA,1382000,5541,"ESTACIONES DE SERVICIO, GASOLINERIAS, ESTACIONES DE SERVICIO PARA TODO TIPO DE TRANSPORTE (CON O SIN SERVICIOS AUXILIARES)"
8573413,SERVICIOS DIANA,SDI 040506A40,AV NINOS HEROES 55,RANCHO SANTO,28973,VILLA DE ALVAREZ COL,COLIMA,23089765,5541,"ESTACIONES DE SERVICIO, GASOLINERIAS, ESTACIONES DE SERVICIO PARA TODO TIPO DE TRANSPORTE (CON O SIN SERVICIOS AUXILIARES)"
7043745,SERVICIOS ENER TECOMAN,SET801125CS4,AV INSURGENTES NO 1102,MIGUEL HIDALGO,28110,TECOMAN COL,COLIMA,476960,5541,"ESTACIONES DE SERVICIO, GASOLINERIAS, ESTACIONES DE SERVICIO PARA TODO TIPO DE TRANSPORTE (CON O SIN SERVICIOS AUXILIARES)"
7051296,GASOL SANTA RITA,AUUE620330623,C LIBRE COL MANZANILLO SN K 70,SANTA RITA,28880,MANZANILLO COL,COLIMA,43339303,5541,"ESTACIONES DE SERVICIO, GASOLINERIAS, ESTACIONES DE SERVICIO PARA TODO TIPO DE TRANSPORTE (CON O SIN SERVICIOS AUXILIARES)"
7356644,AUTOSERVICIO LAS PAROT,ASP 080902313,DE LAS ROSAS NO 1,ABELARDO R RODRIGUEZ,28863,MANZANILLO COL,COLIMA,1383124,5541,"ESTACIONES DE SERVICIO, GASOLINERIAS, ESTACIONES DE SERVICIO PARA TODO TIPO DE TRANSPORTE (CON O SIN SERVICIOS AUXILIARES)"
8619814,ENERG CERRO DE ORTEG,ECO101201UE4,CARR CERRO DE ORT TEC KM1 SN,CERRO DE ORTEGA,28900,TECOMAN COL,COLIMA,3127460,5541,"ESTACIONES DE SERVICIO, GASOLINERIAS, ESTACIONES DE SERVICIO PARA TODO TIPO DE TRANSPORTE (CON O SIN SERVICIOS AUXILIARES)"
8650280,COMBUST EL ESPINAL,CES 141110BI2,NINOS HEROES NO 1412,BUENAVISTA,28984,VILLA DE ALVAREZ COL,COLIMA,23131412,5541,"ESTACIONES DE SERVICIO, GASOLINERIAS, ESTACIONES DE SERVICIO PARA TODO TIPO DE TRANSPORTE (CON O SIN SERVICIOS AUXILIARES)"
8674430,GAS MEX MANZANILLO,GME991201IIA,BLVD MMH FTE A LA FORD SN,23 DE NOVIEMBRE,28219,MANZANILLO COL,COLIMA,13205729,5541,"ESTACIONES DE SERVICIO, GASOLINERIAS, ESTACIONES DE SERVICIO PARA TODO TIPO DE TRANSPORTE (CON O SIN SERVICIOS AUXILIARES)"
7378556,GAS SANFER,GSA100902747,SAN FERNANDO NO 175 L,GUADALAJARITA,28030,COLIMA COL,COLIMA,23309636,5541,"ESTACIONES DE SERVICIO, GASOLINERIAS, ESTACIONES DE SERVICIO PARA TODO TIPO DE TRANSPORTE (CON O SIN SERVICIOS AUXILIARES)"
8711654,SUPERSERV DON RAMON,SSC 020716S93,CR MZO A MINATITLAN NO 144,TAPEIXTLES,28239,MANZANILLO COL,COLIMA,41004360,5541,"ESTACIONES DE SERVICIO, GASOLINERIAS, ESTACIONES DE SERVICIO PARA TODO TIPO DE TRANSPORTE (CON O SIN SERVICIOS AUXILIARES)"
7390938,AUTOSERVICIO MANZANILL,AMP 021209PQ3,AV ELIAS ZAMORA VERDUZCO NO 71,VALLE DE LAS GARZAS,28219,MANZANILLO COL,COLIMA,3366101,5541,"ESTACIONES DE SERVICIO, GASOLINERIAS, ESTACIONES DE SERVICIO PARA TODO TIPO DE TRANSPORTE (CON O SIN SERVICIOS AUXILIARES)"
7435635,GAS GRUPO OCCIDENTAL,GOD 070315UM6,BLVD RODOLFO CHAVEZ C NO 1001,LO DE VILLA,28620,COLIMA COL,COLIMA,21184209,5541,"ESTACIONES DE SERVICIO, GASOLINERIAS, ESTACIONES DE SERVICIO PARA TODO TIPO DE TRANSPORTE (CON O SIN SERVICIOS AUXILIARES)"
7447387,SERVICIOS PEREYRA,SPE 090911VA1,AV ANASTACIO BRIZUELA 515,RINCONADA DEL PEREYRA,28077,COLIMA COL,COLIMA,23301820,5541,"ESTACIONES DE SERVICIO, GASOLINERIAS, ESTACIONES DE SERVICIO PARA TODO TIPO DE TRANSPORTE (CON O SIN SERVICIOS AUXILIARES)"
8741368,EL PORTIN DE CLAUDIA,PCL 070915V5A,KM 31 AUT COLIMA MAN SN,TECOLAPA,28920,TECOMAN COL,COLIMA,9628303,5541,"ESTACIONES DE SERVICIO, GASOLINERIAS, ESTACIONES DE SERVICIO PARA TODO TIPO DE TRANSPORTE (CON O SIN SERVICIOS AUXILIARES)"
8757896,GAS ORO DEL PACIFICO,GOP 030923DH5,AUT COLIMA MAN KM NO 9,LOMA DE JUAREZ,28629,COLIMA COL,COLIMA,29120434,5983,"DISTRIBUIDOR DE  - GAS LICUADO,(DISTRIBUIDOR DE  - LENA),(DISTRIBUIDOR DE  - DIESEL, PETROLEO),(DISTRIBUIDOR DE  - CARBON),"
8768685,GASOL GENCO COLIMA,GCC 031006PM9,AV MANZANILLO NO 93,ARBOLEDAS,28869,MANZANILLO COL,COLIMA,3346292,5541,"ESTACIONES DE SERVICIO, GASOLINERIAS, ESTACIONES DE SERVICIO PARA TODO TIPO DE TRANSPORTE (CON O SIN SERVICIOS AUXILIARES)"
8849211,ENERGETICOS CANDELARIA,ECA120306K39,AV 20 DE NOVIEMBRE NO 1221,BENITO JUAREZ,28150,TECOMAN COL,COLIMA,41202486,5541,"ESTACIONES DE SERVICIO, GASOLINERIAS, ESTACIONES DE SERVICIO PARA TODO TIPO DE TRANSPORTE (CON O SIN SERVICIOS AUXILIARES)"
7095300,MACROSERV DEL PACIF,MPA 9903085TA,CARR KM 43 COLIMA MANZANILLO,CENTRO,28100,TECOMAN COL,COLIMA,33246611,5541,"ESTACIONES DE SERVICIO, GASOLINERIAS, ESTACIONES DE SERVICIO PARA TODO TIPO DE TRANSPORTE (CON O SIN SERVICIOS AUXILIARES)"
8889492,GENCO B1 ESTAC 10632,GCC 031006PM9,AV ELIAS ZAMORA V NO 59,BARRIO II VALLE DE LAS GARZAS,28219,MANZANILLO COL,COLIMA,1036840,5541,"ESTACIONES DE SERVICIO, GASOLINERIAS, ESTACIONES DE SERVICIO PARA TODO TIPO DE TRANSPORTE (CON O SIN SERVICIOS AUXILIARES)"
8926478,GAS LOS TAMARINDOS,BTA 191125I51,AV BENITO JUAREZ NO 1066,VILLAS DE SAN JOSE,28984,VILLA DE ALVAREZ COL,COLIMA,1128823,5541,"ESTACIONES DE SERVICIO, GASOLINERIAS, ESTACIONES DE SERVICIO PARA TODO TIPO DE TRANSPORTE (CON O SIN SERVICIOS AUXILIARES)"
7101587,SERV LA PETATERA,SPE 030605TM5,J MERCED CABRERA NO 369,LA HACIENDITA,28987,VILLA DE ALVAREZ COL,COLIMA,23114410,5541,"ESTACIONES DE SERVICIO, GASOLINERIAS, ESTACIONES DE SERVICIO PARA TODO TIPO DE TRANSPORTE (CON O SIN SERVICIOS AUXILIARES)"
7533677,EST MARINA MANZANILLO,EMM 090824A51,AV CENTRAL SUR LT 1 MZ H SN,FONDEPORT,28219,MANZANILLO COL,COLIMA,3345594,5541,"ESTACIONES DE SERVICIO, GASOLINERIAS, ESTACIONES DE SERVICIO PARA TODO TIPO DE TRANSPORTE (CON O SIN SERVICIOS AUXILIARES)"
8935456,COMBUSTIBLES SN MIGUEL,RCS 170203127,CA JUAN JOSE RIOS NO 300,SAN ISIDRO,28140,TECOMAN COL,COLIMA,3252659,5541,"ESTACIONES DE SERVICIO, GASOLINERIAS, ESTACIONES DE SERVICIO PARA TODO TIPO DE TRANSPORTE (CON O SIN SERVICIOS AUXILIARES)"
7205578,SERVICIO ARMERIA,SAS 901112P56,AV CAMINO REAL NO 405,TECOMAN ESTACION,28930,TECOMAN COL,COLIMA,3246655,5541,"ESTACIONES DE SERVICIO, GASOLINERIAS, ESTACIONES DE SERVICIO PARA TODO TIPO DE TRANSPORTE (CON O SIN SERVICIOS AUXILIARES)"
8959098,GAS LOS TAMARINDOS,BTA 191125I51,AV BENITO JUAREZ NO 1066,VILLAS DE SAN JOSE,28984,VILLA DE ALVAREZ COL,COLIMA,1128823,5541,"ESTACIONES DE SERVICIO, GASOLINERIAS, ESTACIONES DE SERVICIO PARA TODO TIPO DE TRANSPORTE (CON O SIN SERVICIOS AUXILIARES)"
8978774,GASOL MONTELLANO1,EMO 190613T85,ENRIQUE CORONA MORFIN NO 515,MONTELLANO,28989,VILLA DE ALVAREZ COL,COLIMA,21114461,5541,"ESTACIONES DE SERVICIO, GASOLINERIAS, ESTACIONES DE SERVICIO PARA TODO TIPO DE TRANSPORTE (CON O SIN SERVICIOS AUXILIARES)"
8981911,COMB OLA VERDE,COV 051221PE9,BO MMH NO 96,BELLAVISTA,28238,MANZANILLO COL,COLIMA,43321722,5541,"ESTACIONES DE SERVICIO, GASOLINERIAS, ESTACIONES DE SERVICIO PARA TODO TIPO DE TRANSPORTE (CON O SIN SERVICIOS AUXILIARES)"
8981934,COMB OLA VERDE,COV 051221PE9,BO MMH NO 96,BELLAVISTA,28238,MANZANILLO COL,COLIMA,3321722,5541,"ESTACIONES DE SERVICIO, GASOLINERIAS, ESTACIONES DE SERVICIO PARA TODO TIPO DE TRANSPORTE (CON O SIN SERVICIOS AUXILIARES)"
7298440,SERV CAMPO REAL,SCR990820QK0,AV BENITO JUAREZ NO 784,VILLAS DEL RIO,28973,VILLA DE ALVAREZ COL,COLIMA,3303610,5541,"ESTACIONES DE SERVICIO, GASOLINERIAS, ESTACIONES DE SERVICIO PARA TODO TIPO DE TRANSPORTE (CON O SIN SERVICIOS AUXILIARES)"
9034451,GAS GOCSA 1,GOD 070315UM6,BLVD RODOLFO CHAVEZ C NO 1001,LO DE VILLA,28620,COLIMA COL,COLIMA,1184209,5541,"ESTACIONES DE SERVICIO, GASOLINERIAS, ESTACIONES DE SERVICIO PARA TODO TIPO DE TRANSPORTE (CON O SIN SERVICIOS AUXILIARES)"
9050608,ENERGY OPENING,EOP1705053B1,CARR LIBRE KM 10 1 SN,ZONA CENTRO EL COLOMO,28800,MANZANILLO COL,COLIMA,9688853,5541,"ESTACIONES DE SERVICIO, GASOLINERIAS, ESTACIONES DE SERVICIO PARA TODO TIPO DE TRANSPORTE (CON O SIN SERVICIOS AUXILIARES)"
9056335,COLIMAS,SSA 030416UB1,LIBR COLIMA COQUIMATLAN NO 300,COLIMA CENTRO,28000,COLIMA COL,COLIMA,3131004,5541,"ESTACIONES DE SERVICIO, GASOLINERIAS, ESTACIONES DE SERVICIO PARA TODO TIPO DE TRANSPORTE (CON O SIN SERVICIOS AUXILIARES)"
7610557,ENERGE CERRO DE ORTEGA,ECO101201UE4,KM 1 MAS 100 SN,CERRO DE ORTEGA,28900,TECOMAN COL,COLIMA,1352254,5541,"ESTACIONES DE SERVICIO, GASOLINERIAS, ESTACIONES DE SERVICIO PARA TODO TIPO DE TRANSPORTE (CON O SIN SERVICIOS AUXILIARES)"
7619189,GASOL SERV LOS SAUCES,SSA030416UB1,LIB COLIMA COQUIMATLAN NO 300,COLIMA CENTRO,28000,COLIMA COL,COLIMA,3131004,5541,"ESTACIONES DE SERVICIO, GASOLINERIAS, ESTACIONES DE SERVICIO PARA TODO TIPO DE TRANSPORTE (CON O SIN SERVICIOS AUXILIARES)"
9083376,SERV REVOLUCION,ESR 031202AG3,REVOLUCION NO 401,TECOMAN CENTRO,28100,TECOMAN COL,COLIMA,1382252,5541,"ESTACIONES DE SERVICIO, GASOLINERIAS, ESTACIONES DE SERVICIO PARA TODO TIPO DE TRANSPORTE (CON O SIN SERVICIOS AUXILIARES)"
9100420,GASOL COMPLEJO,GCO 1208286A2,AV EJERCITO MEXICANO NO 1075,EL PORVENIR,28019,COLIMA COL,COLIMA,1201838,5541,"ESTACIONES DE SERVICIO, GASOLINERIAS, ESTACIONES DE SERVICIO PARA TODO TIPO DE TRANSPORTE (CON O SIN SERVICIOS AUXILIARES)"
9100996,GASOL REJAGASTECNOLOGI,ACL 981119TJ6,AV TECNOLOGICO NO 86,HIDALGO,28037,COLIMA COL,COLIMA,3305044,5541,"ESTACIONES DE SERVICIO, GASOLINERIAS, ESTACIONES DE SERVICIO PARA TODO TIPO DE TRANSPORTE (CON O SIN SERVICIOS AUXILIARES)"
9119424,AUTOSERV EL COLOMO,ACO 060726KR9,CARR COLOM COLIMA KM 8 5 SN,EL COLOMO,28800,MANZANILLO COL,COLIMA,8582961,5541,"ESTACIONES DE SERVICIO, GASOLINERIAS, ESTACIONES DE SERVICIO PARA TODO TIPO DE TRANSPORTE (CON O SIN SERVICIOS AUXILIARES)"
7524088,GASOL GARSAN,GGP040430NB5,AV M AHUMADA DE GOMEZ NO 40,SENDEROS DEL CARMEN,28978,VILLA DE ALVAREZ COL,COLIMA,3963000,5541,"ESTACIONES DE SERVICIO, GASOLINERIAS, ESTACIONES DE SERVICIO PARA TODO TIPO DE TRANSPORTE (CON O SIN SERVICIOS AUXILIARES)"
9155274,GAS LA ESTANCIA,CES071221PY3,PABLO SILVA NO 940,LOS OLIVOS,28982,VILLA DE ALVAREZ COL,COLIMA,3082557,5541,"ESTACIONES DE SERVICIO, GASOLINERIAS, ESTACIONES DE SERVICIO PARA TODO TIPO DE TRANSPORTE (CON O SIN SERVICIOS AUXILIARES)"
7541821,MULTISERV ENTRON P CAL,MEP 0711303K8,CRT KM 1 EST PUERTA CALERAS SN,TECOMAN CENTRO,28100,TECOMAN COL,COLIMA,1251033,5541,"ESTACIONES DE SERVICIO, GASOLINERIAS, ESTACIONES DE SERVICIO PARA TODO TIPO DE TRANSPORTE (CON O SIN SERVICIOS AUXILIARES)"
9196818,ASA MANZANILLO,ASA6506102U9,CTRA MNZ BARRA NAVIDAD KM42 SN,SANTIAGO,28860,MANZANILLO COL,COLIMA,1081809,5541,"ESTACIONES DE SERVICIO, GASOLINERIAS, ESTACIONES DE SERVICIO PARA TODO TIPO DE TRANSPORTE (CON O SIN SERVICIOS AUXILIARES)"
9203857,AUTO SERV COSTENO 1,ASC 591104TT1,CARLOS DE LA MADRID NO 1043,EL TECOLOTE,28090,COLIMA COL,COLIMA,23143060,5541,"ESTACIONES DE SERVICIO, GASOLINERIAS, ESTACIONES DE SERVICIO PARA TODO TIPO DE TRANSPORTE (CON O SIN SERVICIOS AUXILIARES)"
9203887,AUTO SERV COSTENO 2,ASC 591104TT1,C CARLOS DE LA MADRID NO 1043,EL TECOLOTE,28090,COLIMA COL,COLIMA,23143060,5541,"ESTACIONES DE SERVICIO, GASOLINERIAS, ESTACIONES DE SERVICIO PARA TODO TIPO DE TRANSPORTE (CON O SIN SERVICIOS AUXILIARES)"
7624914,AUTO SERV COSTENO,ASC 591104TT1,CARLOS LA MADRID BEJAR NO 1043,EL TECOLOTE,28090,COLIMA COL,COLIMA,3143060,5541,"ESTACIONES DE SERVICIO, GASOLINERIAS, ESTACIONES DE SERVICIO PARA TODO TIPO DE TRANSPORTE (CON O SIN SERVICIOS AUXILIARES)"
7200503,GASOL EST SERV COLIMAR,ESC110815KX3,AV INSURGENTES SN,CENTRO,28100,TECOMAN COL,COLIMA,3243255,5541,"ESTACIONES DE SERVICIO, GASOLINERIAS, ESTACIONES DE SERVICIO PARA TODO TIPO DE TRANSPORTE (CON O SIN SERVICIOS AUXILIARES)"
7645540,ASA MANZANILLO I,ASA6506102U9,CRR MANZANIL KM 42 BARR NAV SN,PLAYA DE ORO,28219,MANZANILLO COL,COLIMA,3331113,5541,"ESTACIONES DE SERVICIO, GASOLINERIAS, ESTACIONES DE SERVICIO PARA TODO TIPO DE TRANSPORTE (CON O SIN SERVICIOS AUXILIARES)"
9226794,GASOL SERV CORTEZ,SCC 7902131Z0,KM 2 5 CARR COLIMA MANZANILLO,EL TIVOLI,28080,COLIMA COL,COLIMA,2417847,5541,"ESTACIONES DE SERVICIO, GASOLINERIAS, ESTACIONES DE SERVICIO PARA TODO TIPO DE TRANSPORTE (CON O SIN SERVICIOS AUXILIARES)"
9238811,GAS GRUPO DIAMANTE,GDC070323MG3,AV PABLO SILVA G NO 104 SUR,VILLA DE ORO,28985,VILLA DE ALVAREZ COL,COLIMA,3120025,5541,"ESTACIONES DE SERVICIO, GASOLINERIAS, ESTACIONES DE SERVICIO PARA TODO TIPO DE TRANSPORTE (CON O SIN SERVICIOS AUXILIARES)"
9254472,GPO DIAMANTE COLIMA 2,GDC 070323MG3,AV PABLO SILVA G SUR NO 104,VILLA DE ORO,28985,VILLA DE ALVAREZ COL,COLIMA,3120025,5541,"ESTACIONES DE SERVICIO, GASOLINERIAS, ESTACIONES DE SERVICIO PARA TODO TIPO DE TRANSPORTE (CON O SIN SERVICIOS AUXILIARES)"
9357387,GASOL PUERTA DEL SOL,APC 1203021L8,AV CONSTITUCION NO 2139,PUERTA DEL SOL,28017,COLIMA COL,COLIMA,1191796,5541,"ESTACIONES DE SERVICIO, GASOLINERIAS, ESTACIONES DE SERVICIO PARA TODO TIPO DE TRANSPORTE (CON O SIN SERVICIOS AUXILIARES)"
7724051,GASOL GARTECO,GGA 121217PD3,AL LADO DEL ARBOL DE VIDA SN,ELVA CECILIA VEGA,28113,TECOMAN COL,COLIMA,3246000,5541,"ESTACIONES DE SERVICIO, GASOLINERIAS, ESTACIONES DE SERVICIO PARA TODO TIPO DE TRANSPORTE (CON O SIN SERVICIOS AUXILIARES)"
9379917,GAS CONFIA,GCO 1705319P6,AV TECNOLOGICO NO 328,LIBERACION,28976,VILLA DE ALVAREZ COL,COLIMA,3125999,5541,"ESTACIONES DE SERVICIO, GASOLINERIAS, ESTACIONES DE SERVICIO PARA TODO TIPO DE TRANSPORTE (CON O SIN SERVICIOS AUXILIARES)"
9383541,GARMU GRUPO ENERGETICO,GGE 151030ND0,CRT COLIM A COQUIM SN KM 8 5,COQUIMATLAN,28400,COQUIMATLAN COL,COLIMA,1479331,5541,"ESTACIONES DE SERVICIO, GASOLINERIAS, ESTACIONES DE SERVICIO PARA TODO TIPO DE TRANSPORTE (CON O SIN SERVICIOS AUXILIARES)"
9390614,GAS CRUZ DE MINA,GCM 220912DE6,J MERCED CABRERA NO 800,JARDINES DEL LLANO,28983,VILLA DE ALVAREZ COL,COLIMA,1388504,5541,"ESTACIONES DE SERVICIO, GASOLINERIAS, ESTACIONES DE SERVICIO PARA TODO TIPO DE TRANSPORTE (CON O SIN SERVICIOS AUXILIARES)"
7745856,GASOL LAS GOLONDRINAS,CGO 960401N42,COL MANZ GASOLINERA KM 11 2 SN,LOS ASMOLES,28640,COLIMA COL,COLIMA,3182333,5541,"ESTACIONES DE SERVICIO, GASOLINERIAS, ESTACIONES DE SERVICIO PARA TODO TIPO DE TRANSPORTE (CON O SIN SERVICIOS AUXILIARES)"
7700887,GASOL MINATITLAN I,AIFM640817GM0,KM2 CRR MINAT V DE ALVA SN,MINATITLAN,28750,MINATITLAN COL,COLIMA,3360283,5541,"ESTACIONES DE SERVICIO, GASOLINERIAS, ESTACIONES DE SERVICIO PARA TODO TIPO DE TRANSPORTE (CON O SIN SERVICIOS AUXILIARES)"
7798826,SERV LA UNIDAD 2,GGM 1003268T7,BLVD COQUIMATRLAN NO 33,AGUA ZARCA,28400,COQUIMATLAN COL,COLIMA,1595670,5541,"ESTACIONES DE SERVICIO, GASOLINERIAS, ESTACIONES DE SERVICIO PARA TODO TIPO DE TRANSPORTE (CON O SIN SERVICIOS AUXILIARES)"
7839317,GASOL EL TECOLOTE B4,STE 111207PD7,AV CARLOS DE LA MAD B NO 894,COLIMA CENTRO,28000,COLIMA COL,COLIMA,1610039,5541,"ESTACIONES DE SERVICIO, GASOLINERIAS, ESTACIONES DE SERVICIO PARA TODO TIPO DE TRANSPORTE (CON O SIN SERVICIOS AUXILIARES)"
9527618,GASOL LAS GOLONDRIN 5,CGO960401N42,KM 11 2 CARR COL MANZ SN,COLIMA CENTRO,28000,COLIMA COL,COLIMA,3182333,5541,"ESTACIONES DE SERVICIO, GASOLINERIAS, ESTACIONES DE SERVICIO PARA TODO TIPO DE TRANSPORTE (CON O SIN SERVICIOS AUXILIARES)"
7865624,GASOL COMPLEJO 2,GCO 1208286A2,EJERCITO MEXICANO NO 1075,EL PORVENIR,28019,COLIMA COL,COLIMA,1614474,5541,"ESTACIONES DE SERVICIO, GASOLINERIAS, ESTACIONES DE SERVICIO PARA TODO TIPO DE TRANSPORTE (CON O SIN SERVICIOS AUXILIARES)"
9565445,GAS SERV OCCIDENTE,GOC130509AZ7,CARR COL GUAD KM NO 1,EL TRAPICHE,28550,CUAUHTEMOC COL,COLIMA,1072466,5541,"ESTACIONES DE SERVICIO, GASOLINERIAS, ESTACIONES DE SERVICIO PARA TODO TIPO DE TRANSPORTE (CON O SIN SERVICIOS AUXILIARES)"
9571999,GAS IXTLAHUACAN,SIX080823T12,GRISELDA ALVAREZ NO 14,IXTLAHUACAN,28700,IXTLAHUACAN COL,COLIMA,3249005,5541,"ESTACIONES DE SERVICIO, GASOLINERIAS, ESTACIONES DE SERVICIO PARA TODO TIPO DE TRANSPORTE (CON O SIN SERVICIOS AUXILIARES)"
9591029,SUPER SERVS MORENO,SSM0108045Z2,KM 38 CRT COLIM MANZAN SN,TECOMAN CENTRO,28100,TECOMAN COL,COLIMA,1087701,5541,"ESTACIONES DE SERVICIO, GASOLINERIAS, ESTACIONES DE SERVICIO PARA TODO TIPO DE TRANSPORTE (CON O SIN SERVICIOS AUXILIARES)"
9615129,MULTISERV ALCARACES 4,MAL1001272K2,CR LIBRE COL GDL KM NO 20 5,ALCARACES,28520,CUAUHTEMOC COL,COLIMA,81710303,5541,"ESTACIONES DE SERVICIO, GASOLINERIAS, ESTACIONES DE SERVICIO PARA TODO TIPO DE TRANSPORTE (CON O SIN SERVICIOS AUXILIARES)"
9616016,MULTISERV ALCARACES 5,MAL1001272K2,CR LIBRE COL GDL KM NO 20 5,ALCARACES,28520,CUAUHTEMOC COL,COLIMA,81710303,5541,"ESTACIONES DE SERVICIO, GASOLINERIAS, ESTACIONES DE SERVICIO PARA TODO TIPO DE TRANSPORTE (CON O SIN SERVICIOS AUXILIARES)"
9622609,GAS SANFER,GSA100902747,AV SAN FERNANDO NO 175,GUADALAJARITA,28030,COLIMA COL,COLIMA,3123082,5541,"ESTACIONES DE SERVICIO, GASOLINERIAS, ESTACIONES DE SERVICIO PARA TODO TIPO DE TRANSPORTE (CON O SIN SERVICIOS AUXILIARES)"
8049981,GASOL SECARE III,SCR 0505122A3,BLVD CAMINO REAL NO 752,EL PORVENIR,28019,COLIMA COL,COLIMA,3140019,5541,"ESTACIONES DE SERVICIO, GASOLINERIAS, ESTACIONES DE SERVICIO PARA TODO TIPO DE TRANSPORTE (CON O SIN SERVICIOS AUXILIARES)"
9641087,PMX*GAS CAVE 4100,CAV9306031F2,C VICENTE GUERRERO NO 701,EL MORALETE,28060,COLIMA COL,COLIMA,3743705,5541,"ESTACIONES DE SERVICIO, GASOLINERIAS, ESTACIONES DE SERVICIO PARA TODO TIPO DE TRANSPORTE (CON O SIN SERVICIOS AUXILIARES)"
8070166,SERV CAMPESTRE LLANO,SCL 1307159K4,AV MA AHUMADA DE GOMEZ NO 487,CAMPESTRE,28988,VILLA DE ALVAREZ COL,COLIMA,23965701,5541,"ESTACIONES DE SERVICIO, GASOLINERIAS, ESTACIONES DE SERVICIO PARA TODO TIPO DE TRANSPORTE (CON O SIN SERVICIOS AUXILIARES)"
9653425,GASOL RAMCAL PISTA,RAM0402269N0,AUTOP MANZ A COLIMA NO 4000 0,CAMPOS,28809,MANZANILLO COL,COLIMA,43376030,5541,"ESTACIONES DE SERVICIO, GASOLINERIAS, ESTACIONES DE SERVICIO PARA TODO TIPO DE TRANSPORTE (CON O SIN SERVICIOS AUXILIARES)"
7742159,MULTISERVS CALERAS,MEP 0711303K8,CARR A CALERAS MDR KM 1 SN,CALERAS,28930,TECOMAN COL,COLIMA,1251030,5541,"ESTACIONES DE SERVICIO, GASOLINERIAS, ESTACIONES DE SERVICIO PARA TODO TIPO DE TRANSPORTE (CON O SIN SERVICIOS AUXILIARES)"
7411048,GAS SANFER MOVIL,GSA 100902747,SAN FERNANDO NO 175 L,GUADALAJARITA,28030,COLIMA COL,COLIMA,23309636,5541,"ESTACIONES DE SERVICIO, GASOLINERIAS, ESTACIONES DE SERVICIO PARA TODO TIPO DE TRANSPORTE (CON O SIN SERVICIOS AUXILIARES)"
9689731,GASOL SECARE4,SCR0505122A3,BLVD CAMINO REAL NO 752 0,EL PORVENIR,28019,COLIMA COL,COLIMA,23816823,5541,"ESTACIONES DE SERVICIO, GASOLINERIAS, ESTACIONES DE SERVICIO PARA TODO TIPO DE TRANSPORTE (CON O SIN SERVICIOS AUXILIARES)"
9689938,GASOL SECARE3,SCR0505122A3,BLVD CAMINO REAL NO 752 0,EL PORVENIR,28019,COLIMA COL,COLIMA,3816823,5541,"ESTACIONES DE SERVICIO, GASOLINERIAS, ESTACIONES DE SERVICIO PARA TODO TIPO DE TRANSPORTE (CON O SIN SERVICIOS AUXILIARES)"
8152874,GAS SERV PUEBLO JUAREZ,GGM 1003268T7,BLVD PUEBLO JUAREZ NO 500,JUAREZ PUEBLO,28410,COQUIMATLAN COL,COLIMA,1595670,5541,"ESTACIONES DE SERVICIO, GASOLINERIAS, ESTACIONES DE SERVICIO PARA TODO TIPO DE TRANSPORTE (CON O SIN SERVICIOS AUXILIARES)"
8157296,KEYAPAAL,KEY 090921484,NETZAHUALCOYOTL NO 157,ARMERIA CENTRO,28300,ARMERIA COL,COLIMA,3220001,5541,"ESTACIONES DE SERVICIO, GASOLINERIAS, ESTACIONES DE SERVICIO PARA TODO TIPO DE TRANSPORTE (CON O SIN SERVICIOS AUXILIARES)"
9769065,GASOL SERV ARMERIA 3,SAS901112P56,AV CAMINO REAL NO 405 0,LEONARDO JARAMILLO,28934,TECOMAN COL,COLIMA,25937014,5541,"ESTACIONES DE SERVICIO, GASOLINERIAS, ESTACIONES DE SERVICIO PARA TODO TIPO DE TRANSPORTE (CON O SIN SERVICIOS AUXILIARES)"
7788965,GASOL TECOMAN 2,GTE 940228AZ7,INSURGENTES NO 915,CENTRO,28100,TECOMAN COL,COLIMA,3245023,5541,"ESTACIONES DE SERVICIO, GASOLINERIAS, ESTACIONES DE SERVICIO PARA TODO TIPO DE TRANSPORTE (CON O SIN SERVICIOS AUXILIARES)"
8285993,GASOL REJAGAS ARMERI A,ACL 981119TJ6,AV NETZAHUALCOYOTL NO 231,ARMERIA,28300,ARMERIA COL,COLIMA,3221801,5541,"ESTACIONES DE SERVICIO, GASOLINERIAS, ESTACIONES DE SERVICIO PARA TODO TIPO DE TRANSPORTE (CON O SIN SERVICIOS AUXILIARES)"
8343687,GASOL ACAMBAROS,CCG 151026SY2,ACAMBAROS SN,23 DE NOVIEMBRE,28219,MANZANILLO COL,COLIMA,3467829,5541,"ESTACIONES DE SERVICIO, GASOLINERIAS, ESTACIONES DE SERVICIO PARA TODO TIPO DE TRANSPORTE (CON O SIN SERVICIOS AUXILIARES)"
7515623,SERV ENER DEL PACIFIC,SEP 040720I72,AVE ELIAS ZAMORA VERDUZCO SN,NUEVO SALAGUA,28869,MANZANILLO COL,COLIMA,43339170,5541,"ESTACIONES DE SERVICIO, GASOLINERIAS, ESTACIONES DE SERVICIO PARA TODO TIPO DE TRANSPORTE (CON O SIN SERVICIOS AUXILIARES)"
8376272,AUTOSERV LA ESTANCIA,ASE 030723953,AV NINOS HEROES NO 289,INSURGENTES,28048,COLIMA COL,COLIMA,3077433,5541,"ESTACIONES DE SERVICIO, GASOLINERIAS, ESTACIONES DE SERVICIO PARA TODO TIPO DE TRANSPORTE (CON O SIN SERVICIOS AUXILIARES)"
7871423,GASOL SERV DIANA 2,SDI 040506A40,AV NINOS HEROES NO 55,RANCHO SANTO,28973,VILLA DE ALVAREZ COL,COLIMA,3089755,5541,"ESTACIONES DE SERVICIO, GASOLINERIAS, ESTACIONES DE SERVICIO PARA TODO TIPO DE TRANSPORTE (CON O SIN SERVICIOS AUXILIARES)"
8482030,GASOL GOCSA8,GOD 070315UM6,AV ANASTASIO BRIZUELA NO 552,ARBOLEDAS,28077,COLIMA COL,COLIMA,3264987,5541,"ESTACIONES DE SERVICIO, GASOLINERIAS, ESTACIONES DE SERVICIO PARA TODO TIPO DE TRANSPORTE (CON O SIN SERVICIOS AUXILIARES)"
8507426,GOPEZA OLA,CGO 121219BM8,BLVD MMH NO 96,BELLAVISTA,28238,MANZANILLO COL,COLIMA,1184065,5541,"ESTACIONES DE SERVICIO, GASOLINERIAS, ESTACIONES DE SERVICIO PARA TODO TIPO DE TRANSPORTE (CON O SIN SERVICIOS AUXILIARES)"
7595363,SUPER SERV URZUA GASO,SSU680426JQ4,MACLOVIO HERRERA NO 349,CENTRO,28000,COLIMA COL,COLIMA,3131599,5541,"ESTACIONES DE SERVICIO, GASOLINERIAS, ESTACIONES DE SERVICIO PARA TODO TIPO DE TRANSPORTE (CON O SIN SERVICIOS AUXILIARES)"
8552726,GASOL CORPO BIENESTAR,DHP 1808138E2,ACAMBARON SN,TAPEIXTLES,28239,MANZANILLO COL,COLIMA,3533389,5541,"ESTACIONES DE SERVICIO, GASOLINERIAS, ESTACIONES DE SERVICIO PARA TODO TIPO DE TRANSPORTE (CON O SIN SERVICIOS AUXILIARES)"
7623695,SERV COMERCIAL,SCC1010281F5,REVOLUCION NO 112,COLIMA CENTRO,28000,COLIMA COL,COLIMA,21361918,5541,"ESTACIONES DE SERVICIO, GASOLINERIAS, ESTACIONES DE SERVICIO PARA TODO TIPO DE TRANSPORTE (CON O SIN SERVICIOS AUXILIARES)"
7640976,GASOL GOCSA 1,GOD070315UM6,BLVD ROD CHAVEZ CARRIL NO 1001,LA ALBARRADA,28078,COLIMA COL,COLIMA,3080533,5541,"ESTACIONES DE SERVICIO, GASOLINERIAS, ESTACIONES DE SERVICIO PARA TODO TIPO DE TRANSPORTE (CON O SIN SERVICIOS AUXILIARES)"
7978007,GASOL GARCOL,GGD 1610198K7,AV NINOS HEROES NO 1490,VICENTE GUERRERO,28048,COLIMA COL,COLIMA,1250254,5541,"ESTACIONES DE SERVICIO, GASOLINERIAS, ESTACIONES DE SERVICIO PARA TODO TIPO DE TRANSPORTE (CON O SIN SERVICIOS AUXILIARES)"
7707809,SUPERSERV TECOLOTE,STE 111207PD7,BLVD CARLOS DE MADRID NO 894,COLIMA CENTRO,28000,COLIMA COL,COLIMA,1610039,5541,"ESTACIONES DE SERVICIO, GASOLINERIAS, ESTACIONES DE SERVICIO PARA TODO TIPO DE TRANSPORTE (CON O SIN SERVICIOS AUXILIARES)"
7717932,SERVICIOS REY COLIMAN,SRC 1309105V2,AV 20 DE NOVIEMBRE NO 509,COLIMA CENTRO,28000,COLIMA COL,COLIMA,22231176,5541,"ESTACIONES DE SERVICIO, GASOLINERIAS, ESTACIONES DE SERVICIO PARA TODO TIPO DE TRANSPORTE (CON O SIN SERVICIOS AUXILIARES)"
7718209,SERV CAMPO REAL,SCR 990820QK0,AV BENITO JUAREZ NO 784,VILLAS DE MAYO,28973,VILLA DE ALVAREZ COL,COLIMA,23303010,5541,"ESTACIONES DE SERVICIO, GASOLINERIAS, ESTACIONES DE SERVICIO PARA TODO TIPO DE TRANSPORTE (CON O SIN SERVICIOS AUXILIARES)"
8034428,SERVICIOS ESTRELLA,SES040813137,TERCER ANILLO PERIFERIC NO 101,LOMAS DE LA HIGUERA,28979,VILLA DE ALVAREZ COL,COLIMA,3116255,5541,"ESTACIONES DE SERVICIO, GASOLINERIAS, ESTACIONES DE SERVICIO PARA TODO TIPO DE TRANSPORTE (CON O SIN SERVICIOS AUXILIARES)"
8572814,COMBUST LA ESTANCIA 2,CES 071221PY3,PABLO SILVA GARCIA NO 940,LOS PICACHOS,28952,VILLA DE ALVAREZ COL,COLIMA,3081192,5541,"ESTACIONES DE SERVICIO, GASOLINERIAS, ESTACIONES DE SERVICIO PARA TODO TIPO DE TRANSPORTE (CON O SIN SERVICIOS AUXILIARES)"
8573761,SERV GRUPO 65,GRU 920709EQ0,CARMEN SERDAN NO 266,EL LLANO,28988,VILLA DE ALVAREZ COL,COLIMA,2310616,5541,"ESTACIONES DE SERVICIO, GASOLINERIAS, ESTACIONES DE SERVICIO PARA TODO TIPO DE TRANSPORTE (CON O SIN SERVICIOS AUXILIARES)"
8056042,SERVICIOS SAN JUAN,SSJ 030822C93,BLVD COLIMA COQUIMATLAN NO 700,SANTA FE,28982,VILLA DE ALVAREZ COL,COLIMA,23080489,5541,"ESTACIONES DE SERVICIO, GASOLINERIAS, ESTACIONES DE SERVICIO PARA TODO TIPO DE TRANSPORTE (CON O SIN SERVICIOS AUXILIARES)"
8591714,GASOL RED DE C SAN MIG,RCS 170203127,JUAN JOSE RIOS NO 300,TECOMAN CENTRO,28100,TECOMAN COL,COLIMA,1369521,5541,"ESTACIONES DE SERVICIO, GASOLINERIAS, ESTACIONES DE SERVICIO PARA TODO TIPO DE TRANSPORTE (CON O SIN SERVICIOS AUXILIARES)"
7754168,GRUPO GASOLINERO GMH,GAMA780613AY7,GALEANA NO 131,SUCHITLAN,28459,COMALA COL,COLIMA,3246000,5541,"ESTACIONES DE SERVICIO, GASOLINERIAS, ESTACIONES DE SERVICIO PARA TODO TIPO DE TRANSPORTE (CON O SIN SERVICIOS AUXILIARES)"
7798818,SERV IXTLAHUACAN 2,SIX 080823T12,GRISELDA ALVAREZ NO 14,IXTLAHUACAN PUEBLO,28700,IXTLAHUACAN COL,COLIMA,3249005,5541,"ESTACIONES DE SERVICIO, GASOLINERIAS, ESTACIONES DE SERVICIO PARA TODO TIPO DE TRANSPORTE (CON O SIN SERVICIOS AUXILIARES)"
7809399,GASOL EZOVI 2,EZV130627PG2,AV NINOS HEROES NO 1019,TULIPANES,28983,VILLA DE ALVAREZ COL,COLIMA,3153080,5541,"ESTACIONES DE SERVICIO, GASOLINERIAS, ESTACIONES DE SERVICIO PARA TODO TIPO DE TRANSPORTE (CON O SIN SERVICIOS AUXILIARES)"
7811298,GAS ESTACION VIRGEN B3,EVI 130627P5A,LIB GUADALAJARA MANZA NO 1070,EL PORVENIR,28019,COLIMA COL,COLIMA,3140016,5541,"ESTACIONES DE SERVICIO, GASOLINERIAS, ESTACIONES DE SERVICIO PARA TODO TIPO DE TRANSPORTE (CON O SIN SERVICIOS AUXILIARES)"
7811299,GAS ESTACION VIRGEN B2,EVI 130627P5A,LIB GUADALAJARA MANZA NO 1070,EL PORVENIR,28019,COLIMA COL,COLIMA,3140016,5541,"ESTACIONES DE SERVICIO, GASOLINERIAS, ESTACIONES DE SERVICIO PARA TODO TIPO DE TRANSPORTE (CON O SIN SERVICIOS AUXILIARES)"
8686573,GASOL SERV ARMERIA,SAS901112P56,CAMINO REAL NO 405,CALERAS,28930,TECOMAN COL,COLIMA,3246655,5541,"ESTACIONES DE SERVICIO, GASOLINERIAS, ESTACIONES DE SERVICIO PARA TODO TIPO DE TRANSPORTE (CON O SIN SERVICIOS AUXILIARES)"
8753739,ENERGAS DEL CENTRO,ECE 080117QKA,CR MZO B DE NAVIDAD KM NO 24 7,LA CENTRAL,28868,MANZANILLO COL,COLIMA,49120434,5983,"DISTRIBUIDOR DE  - GAS LICUADO,(DISTRIBUIDOR DE  - LENA),(DISTRIBUIDOR DE  - DIESEL, PETROLEO),(DISTRIBUIDOR DE  - CARBON),"
7811448,ESTACION VIRGEN B1,EVI 130627P5A,LIB GUADALAJARA MANZA NO 1070,EL PORVENIR,28019,COLIMA COL,COLIMA,3140016,5541,"ESTACIONES DE SERVICIO, GASOLINERIAS, ESTACIONES DE SERVICIO PARA TODO TIPO DE TRANSPORTE (CON O SIN SERVICIOS AUXILIARES)"
8135289,GAS GOC 3,GOD 070315UM6,CARR MZALLO MINA KM 12 NO 1200,TAPEYXTLES,28239,MANZANILLO COL,COLIMA,3368484,5541,"ESTACIONES DE SERVICIO, GASOLINERIAS, ESTACIONES DE SERVICIO PARA TODO TIPO DE TRANSPORTE (CON O SIN SERVICIOS AUXILIARES)"
8149184,GAS GOCSA5,GOD070315UM6,AVE MANZANILLO NO 398,VALLE SALAGUA,28869,MANZANILLO COL,COLIMA,41380582,5541,"ESTACIONES DE SERVICIO, GASOLINERIAS, ESTACIONES DE SERVICIO PARA TODO TIPO DE TRANSPORTE (CON O SIN SERVICIOS AUXILIARES)"
8835737,GASOL SERV CORTEZ,SCC 7902131Z0,CARR COLIMA MANZ KM2 5 SN,EL TIVOLI,28080,COLIMA COL,COLIMA,3126666,5541,"ESTACIONES DE SERVICIO, GASOLINERIAS, ESTACIONES DE SERVICIO PARA TODO TIPO DE TRANSPORTE (CON O SIN SERVICIOS AUXILIARES)"
8835742,GASOL SERV CORTEZ,SCC 7902131Z0,CARR COLIMA MANZ KM 2 5 SN,EL TIVOLI,28080,COLIMA COL,COLIMA,3126666,5541,"ESTACIONES DE SERVICIO, GASOLINERIAS, ESTACIONES DE SERVICIO PARA TODO TIPO DE TRANSPORTE (CON O SIN SERVICIOS AUXILIARES)"
8889589,GENCO B1 ESTAC 10632,GCC 031006PM9,AV ELIAS ZAMORA V NO 59,BARRIO II VALLE DE LAS GARZAS,28219,MANZANILLO COL,COLIMA,1036840,5541,"ESTACIONES DE SERVICIO, GASOLINERIAS, ESTACIONES DE SERVICIO PARA TODO TIPO DE TRANSPORTE (CON O SIN SERVICIOS AUXILIARES)"
8978929,GASOL MONTELLANO2,EMO 190613T85,ENRIQUE CORONA MORFIN NO 515,MONTELLANO,28989,VILLA DE ALVAREZ COL,COLIMA,21114461,5541,"ESTACIONES DE SERVICIO, GASOLINERIAS, ESTACIONES DE SERVICIO PARA TODO TIPO DE TRANSPORTE (CON O SIN SERVICIOS AUXILIARES)"
8982157,COMB GOPEZA,CGO 121219BM8,BO MIGUEL DE LA MADRID NO 450,TAPEIXTLES,28239,MANZANILLO COL,COLIMA,43321722,5541,"ESTACIONES DE SERVICIO, GASOLINERIAS, ESTACIONES DE SERVICIO PARA TODO TIPO DE TRANSPORTE (CON O SIN SERVICIOS AUXILIARES)"
8991503,GASOL LA QUERENCIA,SQU 0712034X3,CARR LIBRE A JIQUILPAN SN,PISCILA,28600,COLIMA COL,COLIMA,1381256,5541,"ESTACIONES DE SERVICIO, GASOLINERIAS, ESTACIONES DE SERVICIO PARA TODO TIPO DE TRANSPORTE (CON O SIN SERVICIOS AUXILIARES)"
8997097,ESTACION SANTA BARBARA,ESB190612TN9,PASEO MIGUEL DE LA M NO 194,RESIDENCIAL ESMERALDA NORTE,28017,COLIMA COL,COLIMA,4079932,5541,"ESTACIONES DE SERVICIO, GASOLINERIAS, ESTACIONES DE SERVICIO PARA TODO TIPO DE TRANSPORTE (CON O SIN SERVICIOS AUXILIARES)"
9020544,GASOL SUMINISTROS OVP,SFO2208199T9,CARR MANZ MINATIT NO 20,TAPEIXTLES,28239,MANZANILLO COL,COLIMA,8046113,5541,"ESTACIONES DE SERVICIO, GASOLINERIAS, ESTACIONES DE SERVICIO PARA TODO TIPO DE TRANSPORTE (CON O SIN SERVICIOS AUXILIARES)"
9044160,COMBUSTIBLES SN MIGUEL,RCS 170203127,CA JUAN JOSE RIOS NO 300,SAN ISIDRO,28140,TECOMAN COL,COLIMA,33252659,5541,"ESTACIONES DE SERVICIO, GASOLINERIAS, ESTACIONES DE SERVICIO PARA TODO TIPO DE TRANSPORTE (CON O SIN SERVICIOS AUXILIARES)"
9119379,AUTOSERV EL COLOMO,ACO 060726KR9,CARR COLOM COLIMA KM 8 5 SN,EL COLOMO,28800,MANZANILLO COL,COLIMA,8582961,5541,"ESTACIONES DE SERVICIO, GASOLINERIAS, ESTACIONES DE SERVICIO PARA TODO TIPO DE TRANSPORTE (CON O SIN SERVICIOS AUXILIARES)"
9133580,AUTOSERV EL COLOMO,ACO 060726KR9,CARR COLOMOS A COLIMA KM 8 SN,EL COLOMO,28800,MANZANILLO COL,COLIMA,8582961,5541,"ESTACIONES DE SERVICIO, GASOLINERIAS, ESTACIONES DE SERVICIO PARA TODO TIPO DE TRANSPORTE (CON O SIN SERVICIOS AUXILIARES)"
8244020,SUPER SERV DON RAMON,SSC 020716S93,CT MANZANI A MINATITLAN NO 144,TAPEIXTLES,28239,MANZANILLO COL,COLIMA,43368465,5541,"ESTACIONES DE SERVICIO, GASOLINERIAS, ESTACIONES DE SERVICIO PARA TODO TIPO DE TRANSPORTE (CON O SIN SERVICIOS AUXILIARES)"
7940892,GAS MULTISERV ALCARAC,MAL 1001272K2,CARR LIBRE COLIMA A GUADA SN B,ALCARACES,28520,CUAUHTEMOC COL,COLIMA,21551168,5541,"ESTACIONES DE SERVICIO, GASOLINERIAS, ESTACIONES DE SERVICIO PARA TODO TIPO DE TRANSPORTE (CON O SIN SERVICIOS AUXILIARES)"
8344161,GASOL SERV CARGA COL 2,SCC 110531U38,LIB COLIM COQUIMATLAN NO 550,COLIMA CENTRO,28000,COLIMA COL,COLIMA,1142292,5541,"ESTACIONES DE SERVICIO, GASOLINERIAS, ESTACIONES DE SERVICIO PARA TODO TIPO DE TRANSPORTE (CON O SIN SERVICIOS AUXILIARES)"
8003673,GRUPO HUROLI,GHU 1011294M4,BLV MIG D LA MADRID NO 10300,NUEVO SALAGUA,28869,MANZANILLO COL,COLIMA,43342969,5541,"ESTACIONES DE SERVICIO, GASOLINERIAS, ESTACIONES DE SERVICIO PARA TODO TIPO DE TRANSPORTE (CON O SIN SERVICIOS AUXILIARES)"
8005428,SERV ARMERIA,SAS 901112P56,AVE CAMINO REAL NO 405,TECOMAN ESTACION,28930,TECOMAN COL,COLIMA,33246655,5541,"ESTACIONES DE SERVICIO, GASOLINERIAS, ESTACIONES DE SERVICIO PARA TODO TIPO DE TRANSPORTE (CON O SIN SERVICIOS AUXILIARES)"
9206150,BP LOS TAMARINDOS,BTA 191125I51,BENITO JUAREZ NO 1066,PATRIA RESIDENCIAL,28984,VILLA DE ALVAREZ COL,COLIMA,1834219,5541,"ESTACIONES DE SERVICIO, GASOLINERIAS, ESTACIONES DE SERVICIO PARA TODO TIPO DE TRANSPORTE (CON O SIN SERVICIOS AUXILIARES)"
9219686,SERV LA PETATERA 1,SPE 030605TM5,AV J MERCED CABRERA NO 369,SAN CARLOS,28987,VILLA DE ALVAREZ COL,COLIMA,3114410,5541,"ESTACIONES DE SERVICIO, GASOLINERIAS, ESTACIONES DE SERVICIO PARA TODO TIPO DE TRANSPORTE (CON O SIN SERVICIOS AUXILIARES)"
9237135,SERV LA PETATERA 3,SPE 030605TM5,AV J MERCED CABRERA NO 369,SAN CARLOS,28987,VILLA DE ALVAREZ COL,COLIMA,23114410,5541,"ESTACIONES DE SERVICIO, GASOLINERIAS, ESTACIONES DE SERVICIO PARA TODO TIPO DE TRANSPORTE (CON O SIN SERVICIOS AUXILIARES)"
9270656,GASOL PUNTO MINA,DHP 1808138E2,LA BARCA SN,TAPEYXTLES,28239,MANZANILLO COL,COLIMA,1009444,5541,"ESTACIONES DE SERVICIO, GASOLINERIAS, ESTACIONES DE SERVICIO PARA TODO TIPO DE TRANSPORTE (CON O SIN SERVICIOS AUXILIARES)"
9273674,SHELL,AAAK730819D22,BLVD MMH NO 8712,SOLEARES,28219,MANZANILLO COL,COLIMA,3343491,5541,"ESTACIONES DE SERVICIO, GASOLINERIAS, ESTACIONES DE SERVICIO PARA TODO TIPO DE TRANSPORTE (CON O SIN SERVICIOS AUXILIARES)"
9340927,GOCSA 9,GOD 070315UM6,CARR TEC A PASCUALES SN,88 BATALLON DE INFANTERIA,28189,TECOMAN COL,COLIMA,1336932,5542,DISPENSADOR AUTOMATICO DE GASOLINA
9348532,GASOL URZUA 1,SSU 680426JQ4,BS MACLOVIO HERRERA NO 349,COLIMA CENTRO,28000,COLIMA COL,COLIMA,23131599,5541,"ESTACIONES DE SERVICIO, GASOLINERIAS, ESTACIONES DE SERVICIO PARA TODO TIPO DE TRANSPORTE (CON O SIN SERVICIOS AUXILIARES)"
9390601,GAS CRUZ DE MINA,GCM 220912DE6,J MERCED CABRERA NO 800,JARDINES DEL LLANO,28983,VILLA DE ALVAREZ COL,COLIMA,1388504,5541,"ESTACIONES DE SERVICIO, GASOLINERIAS, ESTACIONES DE SERVICIO PARA TODO TIPO DE TRANSPORTE (CON O SIN SERVICIOS AUXILIARES)"
8016285,GASOL EZOVI 3,EZV130627PG2,AV NINOS HEROES NO 1019,TULIPANES,28983,VILLA DE ALVAREZ COL,COLIMA,3153080,5541,"ESTACIONES DE SERVICIO, GASOLINERIAS, ESTACIONES DE SERVICIO PARA TODO TIPO DE TRANSPORTE (CON O SIN SERVICIOS AUXILIARES)"
9513766,GAS SERV XACOBEO,SXA 041111GR2,KM 5 7 CARRET NO 4 CARR C GUAD,EL TRAPICHE,28550,CUAUHTEMOC COL,COLIMA,3150405,5541,"ESTACIONES DE SERVICIO, GASOLINERIAS, ESTACIONES DE SERVICIO PARA TODO TIPO DE TRANSPORTE (CON O SIN SERVICIOS AUXILIARES)"
8430639,GAS SANDOVAL,PIVJ560518AW1,AV GONZALO DE SANDOVAL NO 1300,REVOLUCION,28047,COLIMA COL,COLIMA,3128923,5541,"ESTACIONES DE SERVICIO, GASOLINERIAS, ESTACIONES DE SERVICIO PARA TODO TIPO DE TRANSPORTE (CON O SIN SERVICIOS AUXILIARES)"
9529652,GAS SER REVOLUCION,ESR031202AG3,REVOLUCION NO 401,CENTRO,28100,TECOMAN COL,COLIMA,33241429,5541,"ESTACIONES DE SERVICIO, GASOLINERIAS, ESTACIONES DE SERVICIO PARA TODO TIPO DE TRANSPORTE (CON O SIN SERVICIOS AUXILIARES)"
9551091,RAMCAL,RAM0402269N0,CA FRACC B PARCELA NO 169,ZONA CENTRO EL COLOMO,28800,MANZANILLO COL,COLIMA,43376030,5541,"ESTACIONES DE SERVICIO, GASOLINERIAS, ESTACIONES DE SERVICIO PARA TODO TIPO DE TRANSPORTE (CON O SIN SERVICIOS AUXILIARES)"
9568580,GAS EL ESPINAL,CES141110BI2,NINOS HEROES NO 1412,BUENAVISTA,28984,VILLA DE ALVAREZ COL,COLIMA,3196582,5541,"ESTACIONES DE SERVICIO, GASOLINERIAS, ESTACIONES DE SERVICIO PARA TODO TIPO DE TRANSPORTE (CON O SIN SERVICIOS AUXILIARES)"
9605268,SERV DIOSA DE LA VILLA,SDV130114SF5,MARIA AHUMADA DE G NO 434,PRADOS DE LA VILLA,28989,VILLA DE ALVAREZ COL,COLIMA,9439389,5541,"ESTACIONES DE SERVICIO, GASOLINERIAS, ESTACIONES DE SERVICIO PARA TODO TIPO DE TRANSPORTE (CON O SIN SERVICIOS AUXILIARES)"
9622807,REJAGAS ARMERIA,ACL981119TJ6,AV NETZAHUALCOYOTL NO 231,ARMERIA CENTRO,28300,ARMERIA COL,COLIMA,1201838,5541,"ESTACIONES DE SERVICIO, GASOLINERIAS, ESTACIONES DE SERVICIO PARA TODO TIPO DE TRANSPORTE (CON O SIN SERVICIOS AUXILIARES)"
9643298,SERV XACOBEO 2,SXA041111GR2,KM 5 7 CARRET 4 CARR COL GDL S,EL TRAPICHE,28550,CUAUHTEMOC COL,COLIMA,3150610,5541,"ESTACIONES DE SERVICIO, GASOLINERIAS, ESTACIONES DE SERVICIO PARA TODO TIPO DE TRANSPORTE (CON O SIN SERVICIOS AUXILIARES)"
9643441,SERV XACOBEO,SXA041111GR2,KM 5 7 CARRET 4 CARR COL GDL S,EL TRAPICHE,28550,CUAUHTEMOC COL,COLIMA,3150610,5541,"ESTACIONES DE SERVICIO, GASOLINERIAS, ESTACIONES DE SERVICIO PARA TODO TIPO DE TRANSPORTE (CON O SIN SERVICIOS AUXILIARES)"
8135292,GAS GOC 6,GOD 070315UM6,GRACIANO SANCHEZ NO 35,EL PACIFICO,28219,MANZANILLO COL,COLIMA,3337122,5541,"ESTACIONES DE SERVICIO, GASOLINERIAS, ESTACIONES DE SERVICIO PARA TODO TIPO DE TRANSPORTE (CON O SIN SERVICIOS AUXILIARES)"
8572839,GAS CHAPALITA TECOMAN,GCA 0708174IA,AV ADOLFO LOPEZ MATEOS NO 330,TECOMAN CENTRO,28100,TECOMAN COL,COLIMA,1210591,5541,"ESTACIONES DE SERVICIO, GASOLINERIAS, ESTACIONES DE SERVICIO PARA TODO TIPO DE TRANSPORTE (CON O SIN SERVICIOS AUXILIARES)"
8152596,GAS GOCSA2,GOD070315UM6,BLV MIG D L MADRID H NO 1557,CLUB SANTIAGO,28868,MANZANILLO COL,COLIMA,43369238,5541,"ESTACIONES DE SERVICIO, GASOLINERIAS, ESTACIONES DE SERVICIO PARA TODO TIPO DE TRANSPORTE (CON O SIN SERVICIOS AUXILIARES)"
8573996,MULTISERVS CALERAS,MEP 0711303K8,CARR A CALERAS MDR KM 1 SN,CALERAS,28930,TECOMAN COL,COLIMA,1251030,5541,"ESTACIONES DE SERVICIO, GASOLINERIAS, ESTACIONES DE SERVICIO PARA TODO TIPO DE TRANSPORTE (CON O SIN SERVICIOS AUXILIARES)"
8585049,GASOL SHELL ZLO B,AAAK730819D22,BLV C MIGUEL MADRID NO 8712 A1,AGUAZUL,28869,MANZANILLO COL,COLIMA,3058090,5541,"ESTACIONES DE SERVICIO, GASOLINERIAS, ESTACIONES DE SERVICIO PARA TODO TIPO DE TRANSPORTE (CON O SIN SERVICIOS AUXILIARES)"
9653504,GASOL RAMCAL PISTA 2,RAM0402269N0,MANZANILLO A COLIMA NO 4000 0,CAMPOS,28809,MANZANILLO COL,COLIMA,43376030,5541,"ESTACIONES DE SERVICIO, GASOLINERIAS, ESTACIONES DE SERVICIO PARA TODO TIPO DE TRANSPORTE (CON O SIN SERVICIOS AUXILIARES)"
9658768,GASOL RAMCAL LIBRE,RAM0402269N0,FED MZLLO COL KM NO 307 500,ZONA CENTRO EL COLOMO,28800,MANZANILLO COL,COLIMA,43376030,5541,"ESTACIONES DE SERVICIO, GASOLINERIAS, ESTACIONES DE SERVICIO PARA TODO TIPO DE TRANSPORTE (CON O SIN SERVICIOS AUXILIARES)"
9658795,GASOL RAMCAL LIBRE 2,RAM0402269N0,FED MZLLO COL KM NO 307 500,ZONA CENTRO EL COLOMO,28800,MANZANILLO COL,COLIMA,43376030,5541,"ESTACIONES DE SERVICIO, GASOLINERIAS, ESTACIONES DE SERVICIO PARA TODO TIPO DE TRANSPORTE (CON O SIN SERVICIOS AUXILIARES)"
9758918,GAS GASOL TECOMAN,GTE940228AZ7,CARR TEC PLAYA AZL KM NO 261,88 BATALLON DE INFANTERIA,28189,TECOMAN COL,COLIMA,1020851,5541,"ESTACIONES DE SERVICIO, GASOLINERIAS, ESTACIONES DE SERVICIO PARA TODO TIPO DE TRANSPORTE (CON O SIN SERVICIOS AUXILIARES)"
9769201,GASOL SERV ARMERIA 4,SAS901112P56,AV CAMINO REAL NO 405 0,LEONARDO JARAMILLO,28934,TECOMAN COL,COLIMA,32593701,5541,"ESTACIONES DE SERVICIO, GASOLINERIAS, ESTACIONES DE SERVICIO PARA TODO TIPO DE TRANSPORTE (CON O SIN SERVICIOS AUXILIARES)"
8671777,SERV ARMERIA II,SAS 901112P56,CAMINO REAL NO 405,LEONARDO JARAMILLO,28934,TECOMAN COL,COLIMA,33246655,5541,"ESTACIONES DE SERVICIO, GASOLINERIAS, ESTACIONES DE SERVICIO PARA TODO TIPO DE TRANSPORTE (CON O SIN SERVICIOS AUXILIARES)"
8674223,AUTOSERV LA ESTANCIA,ASE 030723953,AV NINOS HEROES NO 289,INSURGENTES,28048,COLIMA COL,COLIMA,3077433,5541,"ESTACIONES DE SERVICIO, GASOLINERIAS, ESTACIONES DE SERVICIO PARA TODO TIPO DE TRANSPORTE (CON O SIN SERVICIOS AUXILIARES)"
8674587,GAS ESTACION VIRGEN B2,EVI 130627P5A,LIB GUADALAJARA MANZA NO 1070,EL PORVENIR,28019,COLIMA COL,COLIMA,3140016,5541,"ESTACIONES DE SERVICIO, GASOLINERIAS, ESTACIONES DE SERVICIO PARA TODO TIPO DE TRANSPORTE (CON O SIN SERVICIOS AUXILIARES)"
8283479,GASOL REJAGASTECNOLOG,ACL 981119TJ6,AV TECNOLOGICO NO 86,CENTRO,28000,COLIMA COL,COLIMA,3305044,5541,"ESTACIONES DE SERVICIO, GASOLINERIAS, ESTACIONES DE SERVICIO PARA TODO TIPO DE TRANSPORTE (CON O SIN SERVICIOS AUXILIARES)"
8283488,GASOL RAJAGAS NORTE,ACL 981119TJ6,MANUEL J CLUTHIER NO 470,LOMAS DE LAS FLORES,28979,VILLA DE ALVAREZ COL,COLIMA,3115559,5541,"ESTACIONES DE SERVICIO, GASOLINERIAS, ESTACIONES DE SERVICIO PARA TODO TIPO DE TRANSPORTE (CON O SIN SERVICIOS AUXILIARES)"
8711335,RAMCAL,RAM0402269N0,AUTOP MANZANI COLIMA NO 4000,CAMPOS,28809,MANZANILLO COL,COLIMA,3376030,5541,"ESTACIONES DE SERVICIO, GASOLINERIAS, ESTACIONES DE SERVICIO PARA TODO TIPO DE TRANSPORTE (CON O SIN SERVICIOS AUXILIARES)"
8753663,GAS GOCSA 3,GOD070315UM6,CARRET MZN MINA KM 1 2,TAPEIXTLES,28239,MANZANILLO COL,COLIMA,1184209,5541,"ESTACIONES DE SERVICIO, GASOLINERIAS, ESTACIONES DE SERVICIO PARA TODO TIPO DE TRANSPORTE (CON O SIN SERVICIOS AUXILIARES)"
8548305,COMBUSTIBLES SALAGUA,CSA 100802K24,ELIAS ZAMORA VERDUZCO NO 3073,SALAHUA,28867,MANZANILLO COL,COLIMA,41382614,5541,"ESTACIONES DE SERVICIO, GASOLINERIAS, ESTACIONES DE SERVICIO PARA TODO TIPO DE TRANSPORTE (CON O SIN SERVICIOS AUXILIARES)"
8927822,ESTACION ZONA VIRGEN,EZV 130627PG2,AV NINOS HEROES NO 1019,RESIDENCIAL TULIPANES,28983,VILLA DE ALVAREZ COL,COLIMA,3153080,5541,"ESTACIONES DE SERVICIO, GASOLINERIAS, ESTACIONES DE SERVICIO PARA TODO TIPO DE TRANSPORTE (CON O SIN SERVICIOS AUXILIARES)"
8927898,SERV CAMINO REAL,SCR 0505122A3,AV CAMINO REAL NO 752,EL PORVENIR,28019,COLIMA COL,COLIMA,3152478,5541,"ESTACIONES DE SERVICIO, GASOLINERIAS, ESTACIONES DE SERVICIO PARA TODO TIPO DE TRANSPORTE (CON O SIN SERVICIOS AUXILIARES)"
8951760,GAS FELIPE SEVILLA,GFS1908013F9,AV FELIPE SERVILLA DEL R NO 2,LOMAS VISTAHERMOSA,28016,COLIMA COL,COLIMA,1556666,5541,"ESTACIONES DE SERVICIO, GASOLINERIAS, ESTACIONES DE SERVICIO PARA TODO TIPO DE TRANSPORTE (CON O SIN SERVICIOS AUXILIARES)"
8976197,GAS ESTACION STA BARBA,ESB 190612TN9,PASEO MIGUEL DE LA M NO 194,RESIDENCIAL ESMERALDA,28017,COLIMA COL,COLIMA,3698524,5541,"ESTACIONES DE SERVICIO, GASOLINERIAS, ESTACIONES DE SERVICIO PARA TODO TIPO DE TRANSPORTE (CON O SIN SERVICIOS AUXILIARES)"
8978771,GASOL MONTELLANO1,EMO 190613T85,ENRIQUE CORONA MORFIN NO 515,MONTELLANO,28989,VILLA DE ALVAREZ COL,COLIMA,1114461,5541,"ESTACIONES DE SERVICIO, GASOLINERIAS, ESTACIONES DE SERVICIO PARA TODO TIPO DE TRANSPORTE (CON O SIN SERVICIOS AUXILIARES)"
8981921,COMB OLA VERDE,COV 051221PE9,BO MMH NO 96,BELLAVISTA,28238,MANZANILLO COL,COLIMA,3321722,5541,"ESTACIONES DE SERVICIO, GASOLINERIAS, ESTACIONES DE SERVICIO PARA TODO TIPO DE TRANSPORTE (CON O SIN SERVICIOS AUXILIARES)"
8982015,COMB OLA VERDE,COV 051221PE9,BO MMH NO 96,BELLAVISTA,28238,MANZANILLO COL,COLIMA,43321722,5541,"ESTACIONES DE SERVICIO, GASOLINERIAS, ESTACIONES DE SERVICIO PARA TODO TIPO DE TRANSPORTE (CON O SIN SERVICIOS AUXILIARES)"
9024003,GASOL GENCO COLIMA,GCC 031006PM9,AV MANZANILLO NO 93,ARBOLEDAS,28869,MANZANILLO COL,COLIMA,1570143,5541,"ESTACIONES DE SERVICIO, GASOLINERIAS, ESTACIONES DE SERVICIO PARA TODO TIPO DE TRANSPORTE (CON O SIN SERVICIOS AUXILIARES)"
8674374,SERV REYES,REGJ310426GC4,AV NINOS HEROES NO 1490,VICENTE GUERRERO,28048,COLIMA COL,COLIMA,3072060,5541,"ESTACIONES DE SERVICIO, GASOLINERIAS, ESTACIONES DE SERVICIO PARA TODO TIPO DE TRANSPORTE (CON O SIN SERVICIOS AUXILIARES)"
8674413,GAS GARMU GPO ENERGET,GGE 151030ND0,CARR COL COQUIMATLAN KM 8 5 SN,CENTRO,28000,COLIMA COL,COLIMA,3230335,5541,"ESTACIONES DE SERVICIO, GASOLINERIAS, ESTACIONES DE SERVICIO PARA TODO TIPO DE TRANSPORTE (CON O SIN SERVICIOS AUXILIARES)"
8675465,GAS ESTACION VIRGEN B1,EVI 130627P5A,LIB GUADALAJARA MANZA NO 1070,EL PORVENIR,28019,COLIMA COL,COLIMA,3140016,5541,"ESTACIONES DE SERVICIO, GASOLINERIAS, ESTACIONES DE SERVICIO PARA TODO TIPO DE TRANSPORTE (CON O SIN SERVICIOS AUXILIARES)"
9081615,SERV REVOLUCION,ESR031202AG3,REVOLUCION NO 401,TECOMAN CENTRO,28100,TECOMAN COL,COLIMA,1382252,5541,"ESTACIONES DE SERVICIO, GASOLINERIAS, ESTACIONES DE SERVICIO PARA TODO TIPO DE TRANSPORTE (CON O SIN SERVICIOS AUXILIARES)"
9082940,GASO JOYCAR,SLJ9601091Z0,CARR COLIMA GDL KM 3 5 SN,EL DIEZMO,28010,COLIMA COL,COLIMA,1704328,5541,"ESTACIONES DE SERVICIO, GASOLINERIAS, ESTACIONES DE SERVICIO PARA TODO TIPO DE TRANSPORTE (CON O SIN SERVICIOS AUXILIARES)"
9083062,SERV REVOLUCION,ESR031202AG3,REVOLUCION NO 401,TECOMAN CENTRO,28100,TECOMAN COL,COLIMA,1382252,5541,"ESTACIONES DE SERVICIO, GASOLINERIAS, ESTACIONES DE SERVICIO PARA TODO TIPO DE TRANSPORTE (CON O SIN SERVICIOS AUXILIARES)"
8745605,GASOL LOS OLIVOS 2,GOL 130523RL6,AV PABLO SILVA GARCIA NO 929,LOS OLIVOS,28982,VILLA DE ALVAREZ COL,COLIMA,1427779,5541,"ESTACIONES DE SERVICIO, GASOLINERIAS, ESTACIONES DE SERVICIO PARA TODO TIPO DE TRANSPORTE (CON O SIN SERVICIOS AUXILIARES)"
8751205,GASINTE,GGM 1003268T7,BLVD COQUIMATLAN NO 33,COQUIMATLAN,28400,COQUIMATLAN COL,COLIMA,1595670,5541,"ESTACIONES DE SERVICIO, GASOLINERIAS, ESTACIONES DE SERVICIO PARA TODO TIPO DE TRANSPORTE (CON O SIN SERVICIOS AUXILIARES)"
8765977,GAS ORO DE COLIMA,GOC010420TQ0,CR MZO B DE NAVIDAD KM NO 24 7,LA CENTRAL,28868,MANZANILLO COL,COLIMA,49120434,5983,"DISTRIBUIDOR DE  - GAS LICUADO,(DISTRIBUIDOR DE  - LENA),(DISTRIBUIDOR DE  - DIESEL, PETROLEO),(DISTRIBUIDOR DE  - CARBON),"
8769246,GASOL GENCO COLIMA,GCC 031006PM9,AV MANZANILLO NO 93,ARBOLEDAS,28869,MANZANILLO COL,COLIMA,3346292,5541,"ESTACIONES DE SERVICIO, GASOLINERIAS, ESTACIONES DE SERVICIO PARA TODO TIPO DE TRANSPORTE (CON O SIN SERVICIOS AUXILIARES)"
9098747,INERA REJAGAS ARMERIA,ACL 981119TJ6,AV NETZAHUALCOYOTL NO 231,ARMERIA,28300,ARMERIA COL,COLIMA,1201838,5541,"ESTACIONES DE SERVICIO, GASOLINERIAS, ESTACIONES DE SERVICIO PARA TODO TIPO DE TRANSPORTE (CON O SIN SERVICIOS AUXILIARES)"
9100966,GASOL REJAGAS NORTE,ACL 981119TJ6,MANUEL J CLUTHIER NO 470,LOMAS DE LAS FLORES,28979,VILLA DE ALVAREZ COL,COLIMA,3115559,5541,"ESTACIONES DE SERVICIO, GASOLINERIAS, ESTACIONES DE SERVICIO PARA TODO TIPO DE TRANSPORTE (CON O SIN SERVICIOS AUXILIARES)"
9119473,AUTOSERV EL COLOMO,ACO 060726KR9,CARR COLOM COLIMA KM 8 5 SN,EL COLOMO,28800,MANZANILLO COL,COLIMA,8582961,5541,"ESTACIONES DE SERVICIO, GASOLINERIAS, ESTACIONES DE SERVICIO PARA TODO TIPO DE TRANSPORTE (CON O SIN SERVICIOS AUXILIARES)"
9155936,GASOL ISLA NAVIDAD,LERJ541028851,CA PASEO DEL PESCADOR SN,SAN FRANCISCO,28800,MANZANILLO COL,COLIMA,1079550,5541,"ESTACIONES DE SERVICIO, GASOLINERIAS, ESTACIONES DE SERVICIO PARA TODO TIPO DE TRANSPORTE (CON O SIN SERVICIOS AUXILIARES)"
9203884,AUTO SERV COSTENO 3,ASC 591104TT1,CARLOS DE LA MADRID NO 1043,EL TECOLOTE,28090,COLIMA COL,COLIMA,23143060,5541,"ESTACIONES DE SERVICIO, GASOLINERIAS, ESTACIONES DE SERVICIO PARA TODO TIPO DE TRANSPORTE (CON O SIN SERVICIOS AUXILIARES)"
9219688,SERV LA PETATERA 2,SPE 030605TM5,AV J MERCED CABRERA NO 369,SAN CARLOS,28987,VILLA DE ALVAREZ COL,COLIMA,23114410,5541,"ESTACIONES DE SERVICIO, GASOLINERIAS, ESTACIONES DE SERVICIO PARA TODO TIPO DE TRANSPORTE (CON O SIN SERVICIOS AUXILIARES)"
8828628,GAS GOCSA 8 ARBOLEDAS,GOD070315UM6,AV ANASTACIO BRIZUELA NO 65,COLIMA CENTRO,28000,COLIMA COL,COLIMA,1184209,5541,"ESTACIONES DE SERVICIO, GASOLINERIAS, ESTACIONES DE SERVICIO PARA TODO TIPO DE TRANSPORTE (CON O SIN SERVICIOS AUXILIARES)"
9235120,GASOL GARTECO,GGA 121217PD3,LIB FERNANDO MOREN PENA NO 280,ELBA CECILIA VEGA,28113,TECOMAN COL,COLIMA,1120370,5541,"ESTACIONES DE SERVICIO, GASOLINERIAS, ESTACIONES DE SERVICIO PARA TODO TIPO DE TRANSPORTE (CON O SIN SERVICIOS AUXILIARES)"
9237145,SERV LA PETATERA 4,SPE 030605TM5,AV J MERCED CABRERA NO 369,SAN CARLOS,28987,VILLA DE ALVAREZ COL,COLIMA,23114410,5541,"ESTACIONES DE SERVICIO, GASOLINERIAS, ESTACIONES DE SERVICIO PARA TODO TIPO DE TRANSPORTE (CON O SIN SERVICIOS AUXILIARES)"
9254464,GAS GPO DIAMANTE COLI,GDC070323MG3,AV PABLO SILVA G SUR NO 104,VILLA DE ORO,28985,VILLA DE ALVAREZ COL,COLIMA,23120025,5541,"ESTACIONES DE SERVICIO, GASOLINERIAS, ESTACIONES DE SERVICIO PARA TODO TIPO DE TRANSPORTE (CON O SIN SERVICIOS AUXILIARES)"
9255300,GAS GPO DIAMANTE COLI,GDC070323MG3,AV PABLO SILVA G SUR NO 104,VILLA DE ORO,28985,VILLA DE ALVAREZ COL,COLIMA,23120025,5541,"ESTACIONES DE SERVICIO, GASOLINERIAS, ESTACIONES DE SERVICIO PARA TODO TIPO DE TRANSPORTE (CON O SIN SERVICIOS AUXILIARES)"
9352986,SERVICIOS ENERGETICOS,SEP040720I72,ELIAS ZAMORA VERDUZCO NO 2128,SALAGUA CENTRO,28869,MANZANILLO COL,COLIMA,1085954,5541,"ESTACIONES DE SERVICIO, GASOLINERIAS, ESTACIONES DE SERVICIO PARA TODO TIPO DE TRANSPORTE (CON O SIN SERVICIOS AUXILIARES)"
9357359,GASOL PUERTA DEL SOL,APC 1203021L8,AV CONSTITUCION NO 2139,BUGAMBILIAS,28017,COLIMA COL,COLIMA,1191796,5541,"ESTACIONES DE SERVICIO, GASOLINERIAS, ESTACIONES DE SERVICIO PARA TODO TIPO DE TRANSPORTE (CON O SIN SERVICIOS AUXILIARES)"
9377487,LAS GOLONDRINAS 1,CGO 960401N42,CR KM 11 2 CAR COL MANZ SN,COLIMA CENTRO,28000,COLIMA COL,COLIMA,21227168,5541,"ESTACIONES DE SERVICIO, GASOLINERIAS, ESTACIONES DE SERVICIO PARA TODO TIPO DE TRANSPORTE (CON O SIN SERVICIOS AUXILIARES)"
9380580,GAS GARTECO,GGA 121217PD3,LIB FERNANDO MORENO P NO 28000,ELVA CECILIA VEGA,28113,TECOMAN COL,COLIMA,1479331,5541,"ESTACIONES DE SERVICIO, GASOLINERIAS, ESTACIONES DE SERVICIO PARA TODO TIPO DE TRANSPORTE (CON O SIN SERVICIOS AUXILIARES)"
9390609,GAS CRUZ DE MINA,GCM 220912DE6,J MERCED CABRERA NO 800,JARDINES DEL LLANO,28983,VILLA DE ALVAREZ COL,COLIMA,1388504,5541,"ESTACIONES DE SERVICIO, GASOLINERIAS, ESTACIONES DE SERVICIO PARA TODO TIPO DE TRANSPORTE (CON O SIN SERVICIOS AUXILIARES)"
9413464,EST DE SERV LOS OLIVOS,GOL 130523RL6,AV PABLO SILVA GARCIA NO 929,LOS OLIVOS,28982,VILLA DE ALVAREZ COL,COLIMA,1427779,5541,"ESTACIONES DE SERVICIO, GASOLINERIAS, ESTACIONES DE SERVICIO PARA TODO TIPO DE TRANSPORTE (CON O SIN SERVICIOS AUXILIARES)"
8887778,GEN COMB EST 10632,GCC 031006PM9,AV ELIAS ZAMORA V NO 59,BARRIO II VALLE DE LAS GARZAS,28219,MANZANILLO COL,COLIMA,1036840,5541,"ESTACIONES DE SERVICIO, GASOLINERIAS, ESTACIONES DE SERVICIO PARA TODO TIPO DE TRANSPORTE (CON O SIN SERVICIOS AUXILIARES)"
8930758,GASOL COMALA,GCO 0103122T6,AV V CARRANZA NO 180,COMALA,28450,COMALA COL,COLIMA,23156073,5541,"ESTACIONES DE SERVICIO, GASOLINERIAS, ESTACIONES DE SERVICIO PARA TODO TIPO DE TRANSPORTE (CON O SIN SERVICIOS AUXILIARES)"
8934639,GAS TECOMAN 9900,CEX9809213U5,PEDRO TORRES ORTIZ NO 319,UNION,28130,TECOMAN COL,COLIMA,1089984,5541,"ESTACIONES DE SERVICIO, GASOLINERIAS, ESTACIONES DE SERVICIO PARA TODO TIPO DE TRANSPORTE (CON O SIN SERVICIOS AUXILIARES)"
8934658,GAS GARZAS,CEX9809213U5,AV ELIAS ZAMORA L 3 M 86 SN,BARRIO 1 V GARZAS,28219,MANZANILLO COL,COLIMA,3354970,5541,"ESTACIONES DE SERVICIO, GASOLINERIAS, ESTACIONES DE SERVICIO PARA TODO TIPO DE TRANSPORTE (CON O SIN SERVICIOS AUXILIARES)"
8934667,GAS MIRAMAR,CEX9809213U5,B C MIGUEL DE LA MADRID NO 150,OLAS ALTAS,28860,MANZANILLO COL,COLIMA,3343237,5541,"ESTACIONES DE SERVICIO, GASOLINERIAS, ESTACIONES DE SERVICIO PARA TODO TIPO DE TRANSPORTE (CON O SIN SERVICIOS AUXILIARES)"
8939471,GASOL DON RAMON,SSC020716S93,CRR MZO MINA NO 144,TAPEIXTLES,28239,MANZANILLO COL,COLIMA,3345067,5541,"ESTACIONES DE SERVICIO, GASOLINERIAS, ESTACIONES DE SERVICIO PARA TODO TIPO DE TRANSPORTE (CON O SIN SERVICIOS AUXILIARES)"
8943187,GAS DON RAMON 2,SSC 020716S93,CARR MZO MINA NO 144,TAPEIXTLES,28239,MANZANILLO COL,COLIMA,3345067,5541,"ESTACIONES DE SERVICIO, GASOLINERIAS, ESTACIONES DE SERVICIO PARA TODO TIPO DE TRANSPORTE (CON O SIN SERVICIOS AUXILIARES)"
8958427,GAS LOS TAMARINDOS,BTA 191125I51,BENITO JUAREZ NO 1066,VILLAS DE SAN JOSE,28984,VILLA DE ALVAREZ COL,COLIMA,1128823,5541,"ESTACIONES DE SERVICIO, GASOLINERIAS, ESTACIONES DE SERVICIO PARA TODO TIPO DE TRANSPORTE (CON O SIN SERVICIOS AUXILIARES)"
8981816,COMB OLA VERDE,COV 051221PE9,BO MMH NO 96,BELLAVISTA,28238,MANZANILLO COL,COLIMA,43321722,5541,"ESTACIONES DE SERVICIO, GASOLINERIAS, ESTACIONES DE SERVICIO PARA TODO TIPO DE TRANSPORTE (CON O SIN SERVICIOS AUXILIARES)"
8982067,COMB GOPEZA,CGO 121219BM8,MIGUEL DE LA MADRID NO 450,TAPEIXTLES,28239,MANZANILLO COL,COLIMA,43321722,5541,"ESTACIONES DE SERVICIO, GASOLINERIAS, ESTACIONES DE SERVICIO PARA TODO TIPO DE TRANSPORTE (CON O SIN SERVICIOS AUXILIARES)"
8982151,COMB GOPEZA,CGO 121219BM8,BO MIGUEL DE LA MADRID NO 450,TAPEIXTLES,28239,MANZANILLO COL,COLIMA,43321722,5541,"ESTACIONES DE SERVICIO, GASOLINERIAS, ESTACIONES DE SERVICIO PARA TODO TIPO DE TRANSPORTE (CON O SIN SERVICIOS AUXILIARES)"
8991492,LA QUERENCIA,SQU 0712034X3,CARR LIBRE A JIQUILPAN SN,PISCILA,28600,COLIMA COL,COLIMA,1381256,5541,"ESTACIONES DE SERVICIO, GASOLINERIAS, ESTACIONES DE SERVICIO PARA TODO TIPO DE TRANSPORTE (CON O SIN SERVICIOS AUXILIARES)"
9486263,GASOL DON RAMON,SSC 020716S93,CARR MZO MINA NO 144,INDUSTRIAL TAPEIXTLES,28239,MANZANILLO COL,COLIMA,3368465,5541,"ESTACIONES DE SERVICIO, GASOLINERIAS, ESTACIONES DE SERVICIO PARA TODO TIPO DE TRANSPORTE (CON O SIN SERVICIOS AUXILIARES)"
9502491,CIA DE GAS DE COLIMA,GCO050815CM6,CA CENTENARIO NO 59,MANUEL ALVAREZ,28050,COLIMA COL,COLIMA,23092180,5983,"DISTRIBUIDOR DE  - GAS LICUADO,(DISTRIBUIDOR DE  - LENA),(DISTRIBUIDOR DE  - DIESEL, PETROLEO),(DISTRIBUIDOR DE  - CARBON),"
9526978,GASOL LAS GOLONDRINAS,CGO960401N42,KM 11 2 CARR COL MANZ SN,COLIMA CENTRO,28000,COLIMA COL,COLIMA,3182333,5541,"ESTACIONES DE SERVICIO, GASOLINERIAS, ESTACIONES DE SERVICIO PARA TODO TIPO DE TRANSPORTE (CON O SIN SERVICIOS AUXILIARES)"
9527629,GASOL LAS GOLONDRI 3,CGO960401N42,KM 11 2 CARR COL MANZ SN,CENTRO,28000,COLIMA COL,COLIMA,3182333,5541,"ESTACIONES DE SERVICIO, GASOLINERIAS, ESTACIONES DE SERVICIO PARA TODO TIPO DE TRANSPORTE (CON O SIN SERVICIOS AUXILIARES)"
9035768,MULTISERV ALCARACES 1,MAL 1001272K2,CR LIBRE COLIMA GUADALAJARA SN,ALCARACES,28520,CUAUHTEMOC COL,COLIMA,81710303,5541,"ESTACIONES DE SERVICIO, GASOLINERIAS, ESTACIONES DE SERVICIO PARA TODO TIPO DE TRANSPORTE (CON O SIN SERVICIOS AUXILIARES)"
9035805,MULTISERV ALCARACES 2,MAL 1001272K2,CR LIBRE COLIMA GUADALAJARA SN,ALCARACES,28520,CUAUHTEMOC COL,COLIMA,81710303,5541,"ESTACIONES DE SERVICIO, GASOLINERIAS, ESTACIONES DE SERVICIO PARA TODO TIPO DE TRANSPORTE (CON O SIN SERVICIOS AUXILIARES)"
9037174,MULTISERV ALCARACES 3,MAL 1001272K2,CR LIBRE COLIMA GUADALAJARA SN,ALCARACES,28520,CUAUHTEMOC COL,COLIMA,81710303,5541,"ESTACIONES DE SERVICIO, GASOLINERIAS, ESTACIONES DE SERVICIO PARA TODO TIPO DE TRANSPORTE (CON O SIN SERVICIOS AUXILIARES)"
9155789,SERV EL ANGEL,GDC 070323MG3,PABLO SILVA GARCIA SUR NO 104,VILLA DE ORO,28985,VILLA DE ALVAREZ COL,COLIMA,23120625,5541,"ESTACIONES DE SERVICIO, GASOLINERIAS, ESTACIONES DE SERVICIO PARA TODO TIPO DE TRANSPORTE (CON O SIN SERVICIOS AUXILIARES)"
9573778,SERV CAMINO REAL,SCR0505122A3,CAMINO REAL NO 752,EL PORVENIR,28019,COLIMA COL,COLIMA,3816832,5541,"ESTACIONES DE SERVICIO, GASOLINERIAS, ESTACIONES DE SERVICIO PARA TODO TIPO DE TRANSPORTE (CON O SIN SERVICIOS AUXILIARES)"
9210686,SERV LA PETATERA 1,SPE 030605TM5,AV J MERCED CABRERA NO 369,SAN CARLOS,28987,VILLA DE ALVAREZ COL,COLIMA,23114410,5541,"ESTACIONES DE SERVICIO, GASOLINERIAS, ESTACIONES DE SERVICIO PARA TODO TIPO DE TRANSPORTE (CON O SIN SERVICIOS AUXILIARES)"
9273677,SHELL,AAAK730819D22,BLVD MMH NO 8712,SOLEARES,28219,MANZANILLO COL,COLIMA,3343491,5541,"ESTACIONES DE SERVICIO, GASOLINERIAS, ESTACIONES DE SERVICIO PARA TODO TIPO DE TRANSPORTE (CON O SIN SERVICIOS AUXILIARES)"
9273679,SHELL,AAAK730819D22,BLVD MMH NO 8712,SOLEARES,28219,MANZANILLO COL,COLIMA,3343491,5541,"ESTACIONES DE SERVICIO, GASOLINERIAS, ESTACIONES DE SERVICIO PARA TODO TIPO DE TRANSPORTE (CON O SIN SERVICIOS AUXILIARES)"
9273694,SHELL,AAAK730819D22,BLVD MMH NO 8712,SOLEARES,28219,MANZANILLO COL,COLIMA,3343491,5541,"ESTACIONES DE SERVICIO, GASOLINERIAS, ESTACIONES DE SERVICIO PARA TODO TIPO DE TRANSPORTE (CON O SIN SERVICIOS AUXILIARES)"
9622806,REJAGAS NORTE,ACL981119TJ6,MANUEL J CLOUTHIER NO 470,CRUZ DE COMALA,28979,VILLA DE ALVAREZ COL,COLIMA,1201838,5541,"ESTACIONES DE SERVICIO, GASOLINERIAS, ESTACIONES DE SERVICIO PARA TODO TIPO DE TRANSPORTE (CON O SIN SERVICIOS AUXILIARES)"
9304668,GASOL DEL PACIFIC,GPA 810206H65,C 5 DE MAYO NO 348,TECOMAN CENTRO,28100,TECOMAN COL,COLIMA,3242275,5541,"ESTACIONES DE SERVICIO, GASOLINERIAS, ESTACIONES DE SERVICIO PARA TODO TIPO DE TRANSPORTE (CON O SIN SERVICIOS AUXILIARES)"
9348539,GASOL URZUA 2,SSU 680426JQ4,BS MACLOVIO HERRERA NO 349,COLIMA CENTRO,28000,COLIMA COL,COLIMA,23131599,5541,"ESTACIONES DE SERVICIO, GASOLINERIAS, ESTACIONES DE SERVICIO PARA TODO TIPO DE TRANSPORTE (CON O SIN SERVICIOS AUXILIARES)"
9640332,GASOL RAMCAL ENTRONQUE,RAM0402269N0,ENTR CARR CUOTA LIBR NO 101,RESIDENCIAL EL COLOMO,28800,MANZANILLO COL,COLIMA,43376030,5541,"ESTACIONES DE SERVICIO, GASOLINERIAS, ESTACIONES DE SERVICIO PARA TODO TIPO DE TRANSPORTE (CON O SIN SERVICIOS AUXILIARES)"
9377491,LAS GOLONDRINAS 2,CGO 960401N42,CR KM 11 2 CARR COL MZ SN,COLIMA CENTRO,28000,COLIMA COL,COLIMA,21227168,5541,"ESTACIONES DE SERVICIO, GASOLINERIAS, ESTACIONES DE SERVICIO PARA TODO TIPO DE TRANSPORTE (CON O SIN SERVICIOS AUXILIARES)"
9382197,GASOL COLIMAN,SCO7404174M0,CARLOS DE LA MADRID BEJAR NO 4,COLIMA CENTRO,28000,COLIMA COL,COLIMA,1202308,5541,"ESTACIONES DE SERVICIO, GASOLINERIAS, ESTACIONES DE SERVICIO PARA TODO TIPO DE TRANSPORTE (CON O SIN SERVICIOS AUXILIARES)"
9382529,GPO GASOLINERO GMH,GAMA780613AY7,GALEANA NO 131,SUCHITLAN,28459,COMALA COL,COLIMA,1479331,5541,"ESTACIONES DE SERVICIO, GASOLINERIAS, ESTACIONES DE SERVICIO PARA TODO TIPO DE TRANSPORTE (CON O SIN SERVICIOS AUXILIARES)"
9649349,SERV XACOBEO,SXA041111GR2,KM 5 7 CARRET 4 CARR COL GDL S,EL TRAPICHE,28550,CUAUHTEMOC COL,COLIMA,3150610,5541,"ESTACIONES DE SERVICIO, GASOLINERIAS, ESTACIONES DE SERVICIO PARA TODO TIPO DE TRANSPORTE (CON O SIN SERVICIOS AUXILIARES)"
9417755,MEDIGAS MANZANILLO,PME 960701GG0,BENITO JUAREZ SN,16 DE SEPTIEMBRE,28239,MANZANILLO COL,COLIMA,3327925,5983,"DISTRIBUIDOR DE  - GAS LICUADO,(DISTRIBUIDOR DE  - LENA),(DISTRIBUIDOR DE  - DIESEL, PETROLEO),(DISTRIBUIDOR DE  - CARBON),"
9439697,GAS 88357 COLIMA,PME 960701GG0,AV CARLOS MADRID BEJAR NO 645,EL TECOLOTE,28090,COLIMA COL,COLIMA,3070266,5983,"DISTRIBUIDOR DE  - GAS LICUADO,(DISTRIBUIDOR DE  - LENA),(DISTRIBUIDOR DE  - DIESEL, PETROLEO),(DISTRIBUIDOR DE  - CARBON),"
9689794,GASOL SECARE2,SCR0505122A3,BLVD CAMINO REAL NO 752 0,EL PORVENIR,28019,COLIMA COL,COLIMA,3816823,5541,"ESTACIONES DE SERVICIO, GASOLINERIAS, ESTACIONES DE SERVICIO PARA TODO TIPO DE TRANSPORTE (CON O SIN SERVICIOS AUXILIARES)"
9689809,GASOL SECARE1,SCR0505122A3,BLVD CAMINO REAL NO 752 0,EL PORVENIR,28019,COLIMA COL,COLIMA,8168232,5541,"ESTACIONES DE SERVICIO, GASOLINERIAS, ESTACIONES DE SERVICIO PARA TODO TIPO DE TRANSPORTE (CON O SIN SERVICIOS AUXILIARES)"
9746737,GAS JOYCAR 2,SLJ9601091Z0,KM35 CARRET COLIMA GUAD NO 000,EL DIEZMO,28010,COLIMA COL,COLIMA,38168232,5541,"ESTACIONES DE SERVICIO, GASOLINERIAS, ESTACIONES DE SERVICIO PARA TODO TIPO DE TRANSPORTE (CON O SIN SERVICIOS AUXILIARES)"
9746811,GAS JOYCAR 4,SLJ9601091Z0,KM 3 5 CAR COLIMA GUAD SN,EL DIEZMO,28018,COLIMA COL,COLIMA,28168232,5541,"ESTACIONES DE SERVICIO, GASOLINERIAS, ESTACIONES DE SERVICIO PARA TODO TIPO DE TRANSPORTE (CON O SIN SERVICIOS AUXILIARES)"
9526774,GASOL LAS GOLONDRINAS,CGO960401N42,KM 11 2 CARR COL MANZ SN,COLIMA CENTRO,28000,COLIMA COL,COLIMA,3182333,5541,"ESTACIONES DE SERVICIO, GASOLINERIAS, ESTACIONES DE SERVICIO PARA TODO TIPO DE TRANSPORTE (CON O SIN SERVICIOS AUXILIARES)"
9527626,GASOL LAS GOLONDRINAS,CGO960401N42,KM 11 2 CARR COL MANZ SN,COLIMA CENTRO,28000,COLIMA COL,COLIMA,3182333,5541,"ESTACIONES DE SERVICIO, GASOLINERIAS, ESTACIONES DE SERVICIO PARA TODO TIPO DE TRANSPORTE (CON O SIN SERVICIOS AUXILIARES)"
9840695,AUTOSERVICIO MALECON,ASM 0408171K2,AVE MIGUEL HIDALGO NO 825,CENTRO,28200,MANZANILLO COL,COLIMA,3324728,5541,"ESTACIONES DE SERVICIO, GASOLINERIAS, ESTACIONES DE SERVICIO PARA TODO TIPO DE TRANSPORTE (CON O SIN SERVICIOS AUXILIARES)"
9622792,REJAGAS TECNO,ACL981119TJ6,AV TECNOLOGICO NO 86,JARDINES RESIDENCIALES,28030,COLIMA COL,COLIMA,1201838,5541,"ESTACIONES DE SERVICIO, GASOLINERIAS, ESTACIONES DE SERVICIO PARA TODO TIPO DE TRANSPORTE (CON O SIN SERVICIOS AUXILIARES)"
9622800,REJAGAS SUR,ACL981119TJ6,MANUEL J CLOUTHIER NO 465,CRUZ DE COMALA,28979,VILLA DE ALVAREZ COL,COLIMA,1201838,5541,"ESTACIONES DE SERVICIO, GASOLINERIAS, ESTACIONES DE SERVICIO PARA TODO TIPO DE TRANSPORTE (CON O SIN SERVICIOS AUXILIARES)"
9643294,GASOL SERV XACOBEO,SXA041111GR2,CARR 4 CARR COL GDL KM 5 7 SN,EL TRAPICHE,28550,CUAUHTEMOC COL,COLIMA,3150610,5541,"ESTACIONES DE SERVICIO, GASOLINERIAS, ESTACIONES DE SERVICIO PARA TODO TIPO DE TRANSPORTE (CON O SIN SERVICIOS AUXILIARES)"
9746688,GAS JOYCAR1,SLJ9601091Z0,KM 3 5 CRRT COLIMA GDJA SN,EL DIEZMO,28018,COLIMA COL,COLIMA,28168232,5541,"ESTACIONES DE SERVICIO, GASOLINERIAS, ESTACIONES DE SERVICIO PARA TODO TIPO DE TRANSPORTE (CON O SIN SERVICIOS AUXILIARES)"
9746805,GAS JOYCAR 3,SLJ9601091Z0,KM 3 5 COLIMA GUADALAJARA SN,EL DIEZMO,28018,COLIMA COL,COLIMA,28168232,5541,"ESTACIONES DE SERVICIO, GASOLINERIAS, ESTACIONES DE SERVICIO PARA TODO TIPO DE TRANSPORTE (CON O SIN SERVICIOS AUXILIARES)"
9864422,SUP SERV CAM DON RAMON,SSC 020716S93,CARR MANZAN MINATITLAN NO 144,TEPEIXTLES,28876,MANZANILLO COL,COLIMA,3368465,5541,"ESTACIONES DE SERVICIO, GASOLINERIAS, ESTACIONES DE SERVICIO PARA TODO TIPO DE TRANSPORTE (CON O SIN SERVICIOS AUXILIARES)"
9954249,GAS SERV CORTEZ DE COL,SCC 7902131Z0,CARR COLIMA MANZANILLO KM 2 5,EL TIVOLI,28080,COLIMA COL,COLIMA,23126666,5541,"ESTACIONES DE SERVICIO, GASOLINERIAS, ESTACIONES DE SERVICIO PARA TODO TIPO DE TRANSPORTE (CON O SIN SERVICIOS AUXILIARES)"
